akas,species,created_at,name,games,gender,slug,updated_at,checksum,url,id,mug_shot,description
['Spyro the dragon'],3.0,1432042898,Spyro,[1578],0.0,spyro,1684760723,a7f783ba-5f46-80dc-c3c4-8c1604e44f10,https://www.igdb.com/characters/spyro,4525,,
,,1394468582,Additional Voices,"[16, 43, 46, 66, 76, 77, 78, 116, 128, 230, 239, 322, 378, 472, 488, 518, 529, 537, 545, 555, 559, 560, 562, 621, 753, 760, 986, 988, 989, 991, 1021, 1081, 1122, 1151, 1221, 1254, 1270, 1279, 1305, 1341, 1377, 1468, 1887, 1961, 1971, 2061, 2062, 2135, 2177, 2468, 2539, 2933, 3042, 3112, 3154, 3188, 3218, 3771, 3932, 4000, 4130, 4682, 4707, 4758, 5106, 5244, 5408, 5472, 6146, 6632, 6707, 6803, 6844, 6913, 7032, 7350, 7351, 7650, 7858, 8114, 8232, 8250, 8600, 9120, 9176, 9498, 9630, 9727, 9919, 10832, 10919, 11161, 11397, 11416, 11423, 11663, 11667, 14758, 14847, 19221, 19297, 19531, 19560, 19561, 19565, 19686, 26193, 26765, 26845, 28692, 36897, 36950, 54220, 56057, 74946, 75242, 75848, 76742, 84486, 103020, 103249, 109274, 113112, 113113, 113114, 113345, 113999, 119226]",,additional-voices-add82f46-2c04-4587-acdd-a6f2c06d8fe9,1680677317,5026683c-e378-6ada-68e9-3d005a35b0a2,https://www.igdb.com/characters/additional-voices-add82f46-2c04-4587-acdd-a6f2c06d8fe9,441,,
,,1680677306,Jackass,[113345],,jackass,1680677313,ec4526d4-363b-aecb-cb27-c716a90d31a0,https://www.igdb.com/characters/jackass,16711,,
,,1680677306,Simone,[113345],,simone,1680677312,600aa714-7b86-104b-0457-e68726cdefa4,https://www.igdb.com/characters/simone,16710,,
,,1680677306,Operator 60,[113345],,operator-60,1680677312,808acc9d-bae5-85cd-bca9-0a84b6c1646f,https://www.igdb.com/characters/operator-60,16709,,
,,1680677306,Operator 210,[113345],,operator-210,1680677312,dc9520a4-9902-4647-65af-97d63b71f98e,https://www.igdb.com/characters/operator-210,16708,,
,,1680677305,Anemone,[113345],,anemone,1680677312,771c5c77-a28b-fd47-aed1-12fa57e93d2f,https://www.igdb.com/characters/anemone,16707,,
,,1680677305,Terminal β,[113345],,terminal-b,1680677311,32535e87-4762-f53b-e423-a5556629b532,https://www.igdb.com/characters/terminal-b,16706,,
,,1680677305,Terminal α,[113345],,terminal-a,1680677311,0475afbb-5f8d-6939-dd2c-9c374e324222,https://www.igdb.com/characters/terminal-a,16705,,
,,1680677305,Popola,[113345],,popola,1680677311,29d9cdd1-3678-157b-5b9a-b082f7b39f0a,https://www.igdb.com/characters/popola,16704,,
,,1680677305,Devola,[113345],,devola,1680677311,8e2e6b92-cb0c-c5f0-c73f-507c7bc9884e,https://www.igdb.com/characters/devola,16703,,
,,1680677304,Pascal,[113345],,pascal,1680677311,1c318112-8537-69b0-4af2-8542ca829e38,https://www.igdb.com/characters/pascal,16702,,
,,1680677304,Emil,[113345],,emil,1680677310,80928a16-0a82-46b3-c2a4-7da2a0fc569b,https://www.igdb.com/characters/emil,16701,,
,,1502390416,Eve,[113345],,eve,1680677310,87b76afe-0502-afa1-7f83-d44b9b59eb4e,https://www.igdb.com/characters/eve,10892,,
,,1502133053,Pod 042,[113345],,pod-042,1680677310,27478dad-416c-6f41-c51a-a0b9d0b08b62,https://www.igdb.com/characters/pod-042,10766,,
,,1493055550,Pod 153,[113345],,pod-153,1680677310,78f1c6ed-cacb-746a-1207-183f6fa8b731,https://www.igdb.com/characters/pod-153,10622,,
,,1419119235,Adam,"[2924, 11205, 26298, 88116, 113345]",,adam,1680677310,d8be9b8a-da72-7a27-ff1d-400c4eff4fb8,https://www.igdb.com/characters/adam,3014,,
,,1680677303,A2,[113345],,a2,1680677309,f7a733ad-075b-6a3e-af3d-a15d6bc5a2c2,https://www.igdb.com/characters/a2,16700,,
,,1680677303,9S,[113345],,9s,1680677309,dffcdfc2-9095-4871-4236-25e1c93b4f9b,https://www.igdb.com/characters/9s,16699,,
,,1680677302,2B,[113345],,2b,1680677309,b822c79d-b961-b668-8939-47418a4ce781,https://www.igdb.com/characters/2b,16698,,
,,1680677307,Resource Recovery Unit,[113345],,resource-recovery-unit,1680677307,150475e8-6bbb-4d15-b774-9db2f7fe35f5,https://www.igdb.com/characters/resource-recovery-unit,16713,,
,,1680677307,Announcement,[113345],,announcement,1680677307,7538d662-243c-d8df-9f20-08e787000b88,https://www.igdb.com/characters/announcement,16712,,
,,1433023413,Commander,"[295, 379, 2130, 6273, 36926, 113345]",,commander,1680677303,522e2bae-f92f-79e2-0604-4ebffa3bc349,https://www.igdb.com/characters/commander,5081,,
,,1680677197,Sable,[79995],,sable,1680677197,a86d1414-a233-553e-7f57-524eb6b0a0ed,https://www.igdb.com/characters/sable,16697,,
,,1680677189,Themselves,[138933],,themselves,1680677189,b337fcd7-6405-dfd2-2091-808c47b685e1,https://www.igdb.com/characters/themselves,16696,,
,,1680677188,Gregory/Vanny/Roxanne,[138933],,gregory-slash-vanny-slash-roxanne,1680677188,172b9edd-fe74-e58f-275a-bf85172b2c47,https://www.igdb.com/characters/gregory-slash-vanny-slash-roxanne,16695,,
,,1680677188,Montgomery Gator,[138933],,montgomery-gator,1680677188,940b5aa2-06dd-30dc-b02a-407ebd345cb5,https://www.igdb.com/characters/montgomery-gator,16694,,
,,1680677188,Vanessa/Glamrock Chica,[138933],,vanessa-slash-glamrock-chica,1680677188,63a9927c-092e-bd51-2453-7b08a5d29202,https://www.igdb.com/characters/vanessa-slash-glamrock-chica,16693,,
,,1680677188,Glamrock Freddy/Sun/Moon,[138933],,glamrock-freddy-slash-sun-slash-moon,1680677188,93a3106e-08f7-bbcb-0a9d-93097913f787,https://www.igdb.com/characters/glamrock-freddy-slash-sun-slash-moon,16692,,
,,1680677187,Dread Unit,[138933],,dread-unit,1680677187,23c8ce3d-f825-5cb4-2a46-b894aea31a42,https://www.igdb.com/characters/dread-unit,16691,,
,,1680676665,Trailer Narrator,"[101177, 135503]",,trailer-narrator,1680677169,2798c7d3-59ec-e1af-c854-e3f4426076f5,https://www.igdb.com/characters/trailer-narrator,16636,,
,,1429137261,Cast,"[670, 786, 1305, 1593, 1827, 3247, 5314, 10232, 11790, 18398, 101177]",,cast,1680677169,eb23327f-6af7-de83-26a7-26d68bf0f156,https://www.igdb.com/characters/cast,3869,,
,,1680677167,Demerzel,[101177],,demerzel,1680677167,94bc5323-607a-6898-f754-9c243b1e3f15,https://www.igdb.com/characters/demerzel,16690,,
,,1680677167,Dystnine,[101177],,dystnine,1680677167,1dcd2283-d8c8-be8c-4281-7656d7019bec,https://www.igdb.com/characters/dystnine,16689,,
,,1680677166,Bakto,[101177],,bakto,1680677166,57038961-501a-0dc4-5c45-0020129c690b,https://www.igdb.com/characters/bakto,16688,,
,,1680677166,Isola,[101177],,isola,1680677166,ff5104ee-d0e4-ae7e-f202-d9578623ad66,https://www.igdb.com/characters/isola,16687,,
,,1680677166,Crimm,[101177],,crimm,1680677166,948819c9-bb0a-839a-8bb6-2d99ca5f14ef,https://www.igdb.com/characters/crimm,16686,,
,,1680677165,Rebellio,[101177],,rebellio,1680677165,a522f340-aefe-3cd3-9406-125b1c266a7b,https://www.igdb.com/characters/rebellio,16685,,
,,1462892417,Stella,"[8729, 101177]",,stella,1680677165,1f0d50b4-c705-e30c-9fec-56e2b9026b2e,https://www.igdb.com/characters/stella,8163,,
,,1385416363,Maria,"[128, 481, 548, 730, 732, 1009, 2924, 7518, 9630, 88116, 101177, 110875]",,maria,1680677165,51ce801c-858d-acad-a450-b479cbfedad2,https://www.igdb.com/characters/maria,145,,
,,1680677164,Kyota,[101177],,kyota,1680677164,2541aa75-c980-b032-43e3-5246dbe8d288,https://www.igdb.com/characters/kyota,16684,,
,,1680677164,Blade,[101177],,blade,1680677164,9d7ccb7d-ef1f-0e97-b0d7-3be3fc0f8ed9,https://www.igdb.com/characters/blade,16683,,
,,1680676636,Kohaku,"[101177, 166326]",,kohaku,1680677164,21bd55eb-8539-19b4-41f4-87164da1e1c2,https://www.igdb.com/characters/kohaku,16611,,
,,1502394263,Jin,[101177],,jin,1680677164,e1abff34-480a-1377-f09d-a5ca9fa55fbc,https://www.igdb.com/characters/jin,10931,,
,,1680677163,Rola,[101177],,rola,1680677163,dc3b04d8-ac1b-85ca-e180-3c03d3b5ea2a,https://www.igdb.com/characters/rola,16682,,
,,1680676635,Copen,"[101177, 135503, 166326]",,copen,1680677163,7d0c9a86-de6e-4905-828a-d640d79ea3d5,https://www.igdb.com/characters/copen,16610,,
,,1680677160,Elder Ava/Villagers/Seakin,[110586],,elder-ava-slash-villagers-slash-seakin,1680677160,0382586d-3e7e-f44c-0de0-403d168c4e6b,https://www.igdb.com/characters/elder-ava-slash-villagers-slash-seakin,16681,,
,,1680677160,Big Lump/Villagers,[110586],,big-lump-slash-villagers,1680677160,ec24d383-1a0b-9bd8-9021-f8188adfd21c,https://www.igdb.com/characters/big-lump-slash-villagers,16680,,
,,1680677159,Adult Izzy/Whaleshark/Mum/Little Lump/Villagers,[110586],,adult-izzy-slash-whaleshark-slash-mum-slash-little-lump-slash-villagers,1680677159,19c7d75a-faac-4429-defa-95c7e18a0907,https://www.igdb.com/characters/adult-izzy-slash-whaleshark-slash-mum-slash-little-lump-slash-villagers,16679,,
,,1680677159,Hope/Seakin/Villagers,[110586],,hope-slash-seakin-slash-villagers,1680677159,713e450b-2a0a-7ea5-01e8-854b072a41b8,https://www.igdb.com/characters/hope-slash-seakin-slash-villagers,16678,,
,,1680677159,Djinn/Doubt/Villagers,[110586],,djinn-slash-doubt-slash-villagers,1680677159,b84d5f70-b20f-a575-a85d-07cde062be84,https://www.igdb.com/characters/djinn-slash-doubt-slash-villagers,16677,,
,,1680677159,Izzy/Georgia/Robyn/Grace,[110586],,izzy-slash-georgia-slash-robyn-slash-grace,1680677159,0aa4fc40-264d-8e75-b688-2270875bd428,https://www.igdb.com/characters/izzy-slash-georgia-slash-robyn-slash-grace,16676,,
,,1415089679,Character Voice,"[1029, 2723, 2923, 7340]",,character-voice,1680677072,2cb0ba78-22e0-9a86-0951-8bc0fe8c23dd,https://www.igdb.com/characters/character-voice,2772,,
,,1408646509,Voices,"[56, 436, 1262, 2485, 2964, 3153, 8430, 11161, 19331, 81145, 103339, 152354]",,voices,1680677048,131aa0cc-aa21-d6e8-3f89-9f3e685c426a,https://www.igdb.com/characters/voices,787,,
,,1680677046,King Boo,[152354],,king-boo,1680677046,947dde75-f041-b00d-2565-0e65f47aee48,https://www.igdb.com/characters/king-boo,16675,,
,,1680677046,Petey Piranha,[152354],,petey-piranha,1680677046,8f6d88dd-f163-1a8d-a6fe-a1c90dd211ba,https://www.igdb.com/characters/petey-piranha,16674,,
,,1425226720,Character Voices,"[999, 1030, 1286, 3363, 103339, 152354]",,character-voices,1680677046,973f3706-f5a0-8eb8-e048-87445f6faa77,https://www.igdb.com/characters/character-voices,3691,,
,,1680677045,Lakitu,[152354],,lakitu,1680677045,f9fa735c-2a83-2483-0769-63dca07fb4aa,https://www.igdb.com/characters/lakitu,16673,,
,,1680677045,Kamek,[152354],,kamek,1680677045,607f789f-cfb0-1fd4-0803-858fc2ac76f0,https://www.igdb.com/characters/kamek,16672,,
,,1680677044,Shy Guy,[152354],,shy-guy,1680677044,30b3bf9c-405c-9940-049f-1c745d9b19e8,https://www.igdb.com/characters/shy-guy,16671,,
,,1680677044,Hammer Bro,[152354],,hammer-bro,1680677044,962aa1e1-f3f9-fc42-5a04-44f815df9bb2,https://www.igdb.com/characters/hammer-bro,16670,,
,,1680677044,Donkey Kong,[152354],,donkey-kong,1680677044,c4a1cf39-93c2-5214-a1c6-8ed90bf00bc2,https://www.igdb.com/characters/donkey-kong,16669,,
,,1680677044,Yoshi/Birdo,[152354],,yoshi-slash-birdo,1680677044,a87b5f99-e86d-dd86-b757-c07c37044897,https://www.igdb.com/characters/yoshi-slash-birdo,16668,,
,,1556012326,Boo,"[2933, 152354]",,boo,1680677044,276828fb-659a-c17d-d835-8aefc56c865f,https://www.igdb.com/characters/boo,13171,,
,,1680677043,Bowser Jr.,[152354],,bowser-jr,1680677043,3a750a1c-d602-2e07-8165-0e2d47601ba8,https://www.igdb.com/characters/bowser-jr,16667,,
,,1680677043,Peach/Toad/Toadette,[152354],,peach-slash-toad-slash-toadette,1680677043,c7027d58-e5d5-14af-cff5-75caceb27889,https://www.igdb.com/characters/peach-slash-toad-slash-toadette,16666,,
"['Bowser Koopa', 'Koopa']",5.0,1551455885,Bowser,"[26758, 152354]",0.0,bowser,1680677043,8dae83fd-4b43-1131-f08b-816c2cd87b50,https://www.igdb.com/characters/bowser,12821,4039.0,"Bowser (known as Koopa in Japan) is the main antagonist of the Super Mario series. He is the King of the Koopas, one of the races that live in the Mushroom World. He is always trying to capture Princess Peach, the Princess of the Mushroom Kingdom, but his plans are frustrated by Mario and Luigi.
As time went on, Bowser started to partake in Kart races, sport competitions and parties with the rest of the Super Mario cast, and sometimes ha has even worked with the heroes to defeat common enemies."
"['Rosetta', 'ロゼッタ']",5.0,1467311225,Rosalina,[152354],1.0,rosalina,1680677043,2d7e9ae5-46ee-ffe2-cd8d-55af73243555,https://www.igdb.com/characters/rosalina,9342,3686.0,"Rosalina first showed up in Super Mario Galaxy, in the Comet Observatory. She watches over  the cosmos like a guardian, and is also the adoptive mother to the Lumas, the star-like little creatures that resides in the universe. Bowser was the one who attacked the observatory and sent it drifting into space without any power. When Mario and Rosalina met, they decided to help each other out. Rosalina promised to help Mario save Princess Peach if Mario in return could gather Power Stars in order to get the power back. 

At first, people thought that Rosalina and Princess Peach were related, and they did take that into consideration at first, but finally took another route in the end, making her another princess-like character in the Mario world.

Many gamers started to like Rosalina and her wise, kind and thoughtful personality. That's why the creators decided to include her as a playable character in future games. You can play as her in the Mario Kart series, Super Smash Bros, as well as in Super Mario 3D World."
,,1432044469,Daisy,"[63, 529, 3174, 9630, 152354]",,daisy,1680677043,bee1aad9-1bdd-4a5a-03c0-4b787410344b,https://www.igdb.com/characters/daisy,4825,,
,,1680677042,Mario/Luigi/Wario/Waluigi,[152354],,mario-slash-luigi-slash-wario-slash-waluigi,1680677042,0fcd4c50-cf31-1e68-a3c2-4a79a418c1b6,https://www.igdb.com/characters/mario-slash-luigi-slash-wario-slash-waluigi,16665,,
,,1680677038,Prof. Shelly Oberon,[119226],,prof-shelly-oberon,1680677039,eb5e1a3b-2cef-9222-7f56-b6209e0ed215,https://www.igdb.com/characters/prof-shelly-oberon,16664,,
,,1680677038,Franklin 'Mouse' Finbar,[119226],,franklin-mouse-finbar,1680677038,2129b793-1adb-0de4-52da-63dcee6e6954,https://www.igdb.com/characters/franklin-mouse-finbar,16663,,
,,1680677037,Ruby Roundhouse,[119226],,ruby-roundhouse,1680677037,33d4b32d-1f51-700a-3f68-98dd704af598,https://www.igdb.com/characters/ruby-roundhouse,16662,,
,,1680677036,Dr. Smolder Bravestone,[119226],,dr-smolder-bravestone,1680677037,af2382a8-1dc5-b3de-1752-4f758f95cb9a,https://www.igdb.com/characters/dr-smolder-bravestone,16661,,
,,1680677036,Nigel Billingsley,[119226],,nigel-billingsley,1680677036,e8cf48af-9db3-64c2-4d85-3b4968fabd41,https://www.igdb.com/characters/nigel-billingsley,16660,,
,,1680677018,Nightmarionne,[115304],,nightmarionne,1680677018,55ed4bfb-a67c-7609-205a-4bdb552a67a1,https://www.igdb.com/characters/nightmarionne,16659,,
,,1680677018,Bon Bon,[115304],,bon-bon,1680677018,a8f96df6-6461-9856-bd06-ab0534e2d5ec,https://www.igdb.com/characters/bon-bon,16658,,
,4.0,1475914520,Funtime Freddy,[115304],0.0,funtime-freddy,1680677018,631c37c0-1997-829e-f7d7-961318f7ab21,https://www.igdb.com/characters/funtime-freddy,10236,4119.0,"Funtime Freddy is a major antagonist who first appeared in Five Nights at Freddy's: Sister Location as the titular, secondary antagonist. He is a circus-themed version of Freddy Fazbear. He is also one of the entertainers from the Funtime Auditorium, which is located from the east of Circus Baby's Entertainment and Rental (although he isn't seen in the said auditorium)."
,,1680677017,Phone Guy,[115304],,phone-guy,1680677017,7b4ad49d-0c39-ff3c-7462-8aa780ac31c7,https://www.igdb.com/characters/phone-guy,16657,,
,,1680677017,QA,[115304],,qa,1680677017,6500d050-f627-83ec-86f5-ed0daeca65aa,https://www.igdb.com/characters/qa,16656,,
['Baby'],4.0,1486705093,Circus Baby,[115304],1.0,circus-baby,1680677017,30c8e715-3597-053e-a600-08e9dab72574,https://www.igdb.com/characters/circus-baby,10467,4120.0,"Circus Baby (commonly referred to as Baby) is the secondary antagonist of the Five Nights at Freddy’s series and the animatronic mascot of Circus Baby's Pizza World invented by Afton Robotics, LLC and made for Fazbear Entertainment, Inc.

Baby is haunted by the soul of Elizabeth Afton, who was the daughter of the serial killer William Afton. However, during the completion ending, Elizabeth's soul was presumably set free."
,,1487168045,HandUnit,[115304],,handunit,1680677016,32c5ae89-aeee-084f-f4d8-15caa6914278,https://www.igdb.com/characters/handunit,10601,,
,,1414875239,Computer Voice,"[41, 43, 245, 375, 376, 877, 1529, 2904, 4006, 6914, 8072, 115304]",,computer-voice,1680677016,87068d57-87ea-3b9c-643d-c1d59ffb4e58,https://www.igdb.com/characters/computer-voice,2588,,
,,1680676901,Sierra / Receptionist,[20109],,sierra-slash-receptionist,1680676901,58b4f3b4-d8bf-b731-edb4-625edaa6c291,https://www.igdb.com/characters/sierra-slash-receptionist,16655,,
,,1680676901,Loca / Vida,[20109],,loca-slash-vida,1680676901,a7b973cb-542f-de99-9de8-a3d0622138e0,https://www.igdb.com/characters/loca-slash-vida,16654,,
,,1680676901,Lieutenant / Henchman / Way Follower,[20109],,lieutenant-slash-henchman-slash-way-follower,1680676901,a74bdd6a-2c15-5c8c-c880-b060a373b2f0,https://www.igdb.com/characters/lieutenant-slash-henchman-slash-way-follower,16653,,
,,1414493225,Himself,"[3265, 3603, 6032, 6146, 20109]",,himself,1680676901,1879792b-27f2-ae6e-d9ad-4b81499c01bf,https://www.igdb.com/characters/himself,2213,,
,,1680676900,Don Blank / Hollister / Announcer,[20109],,don-blank-slash-hollister-slash-announcer,1680676900,b59fe08c-afc2-953b-0df0-6a7b40302720,https://www.igdb.com/characters/don-blank-slash-hollister-slash-announcer,16652,,
,,1680676900,Nero / Young Nero / Bouncer,[20109],,nero-slash-young-nero-slash-bouncer,1680676900,592af209-da8c-6a3f-8f4a-c03f3a7bad2c,https://www.igdb.com/characters/nero-slash-young-nero-slash-bouncer,16651,,
,,1680676900,AJ / Young AJ,[20109],,aj-slash-young-aj,1680676900,7d45ec26-f385-501f-13d4-68a5e7452873,https://www.igdb.com/characters/aj-slash-young-aj,16650,,
,,1680676886,RS Guard,[189218],,rs-guard,1680676886,5bf282cd-e81a-2de5-ef5c-bac49a4f3c4e,https://www.igdb.com/characters/rs-guard,16649,,
,,1680676886,Mutant,[189218],,mutant,1680676886,5184a1c6-aacb-8313-cb95-0382ee53a79e,https://www.igdb.com/characters/mutant,16648,,
,,1602841436,The Eye,"[9227, 189218]",,the-eye,1680676885,8a2a7983-1caa-a11f-ac95-142fabf6d887,https://www.igdb.com/characters/the-eye,15586,,
,,1547344037,Amber,"[11667, 35210, 189218]",,amber,1680676885,f303bb4a-1492-8bb2-13df-423b51855bbf,https://www.igdb.com/characters/amber,12655,,
,,1384459839,Colin,"[99, 2993, 189218]",,colin,1680676885,fe24408d-6872-9720-cb9d-1f2740edd2f0,https://www.igdb.com/characters/colin,26,,
,,1680676884,Ezra,[189218],,ezra,1680676884,efc94273-8088-e6d3-e7f5-375f4bac7d54,https://www.igdb.com/characters/ezra,16647,,
,,1467292872,Abby,"[1962, 37777, 189218]",,abby,1680676884,d68cb667-d492-2690-e1d6-5328dad9ac83,https://www.igdb.com/characters/abby,9246,,
,,1430764258,Rocky,"[3087, 189218]",,rocky,1680676884,9c9031da-359b-5843-8715-0e60b831b1a4,https://www.igdb.com/characters/rocky,4325,,
,,1408106778,Announcer,"[18, 22, 72, 295, 621, 960, 1289, 1770, 3087, 3174, 3265, 6743, 7228, 7292, 14550, 18011, 19090, 21062, 26712, 37016, 75244, 101257, 103210, 139748, 139749, 191408]",,announcer,1680676851,1ceca8c7-a3bb-3ce6-dec5-1409eb4af782,https://www.igdb.com/characters/announcer,728,,
,,1680676849,Announcer (Brazilian),[191408],,announcer-brazilian,1680676849,d0749408-4622-eef4-438e-b5f67ca51073,https://www.igdb.com/characters/announcer-brazilian,16646,,
,,1680676849,Announcer (European),[191408],,announcer-european,1680676849,0f171a68-507a-cf15-8793-b8497c097e1d,https://www.igdb.com/characters/announcer-european,16645,,
,,1680676849,Announcer (Latin America),[191408],,announcer-latin-america,1680676849,f7616036-8399-16b8-2e79-d8dbda2f2085,https://www.igdb.com/characters/announcer-latin-america,16644,,
,,1573228293,-,"[1706, 107211]",,--1,1680676822,ca55932b-03ad-5c96-d649-ee729a8a6289,https://www.igdb.com/characters/--1,15190,,
,,1680676683,GUN Solider,[7858],,gun-solider,1680676688,6c516ae0-40b8-c143-f42b-ac3e767e86c6,https://www.igdb.com/characters/gun-solider,16640,,
,,1433739500,President,"[376, 592, 7858]",,president,1680676688,33d4176b-8539-41ca-7fdf-61e0bfc25b30,https://www.igdb.com/characters/president,5128,,
,,1414875258,Secretary,"[41, 7858, 12410]",,secretary,1680676688,7b67afdd-14d2-d447-cac0-015e4e095f43,https://www.igdb.com/characters/secretary,2694,,
,,1680676684,Gerald Robotnik,[7858],,gerald-robotnik,1680676687,e9e19977-ea15-6a9d-eb8c-068ecb5ff536,https://www.igdb.com/characters/gerald-robotnik,16642,,
,,1680676682,Maria Robotnik,[7858],,maria-robotnik,1680676687,e43034b0-10c3-86fb-02a3-05ee75f0d4fa,https://www.igdb.com/characters/maria-robotnik,16639,,
,,1559296877,Omochao,"[7858, 103018]",,omochao,1680676687,f666d98b-6e64-427d-206f-c6ac08af1b75,https://www.igdb.com/characters/omochao,14165,,
"['Dr. Robotnik', 'Eggman', 'Robotnik', 'ドクター・エッグマン', 'ロボトニック']",1.0,1420757793,Dr. Eggman,"[5322, 7858, 103018]",0.0,dr-eggman,1680676687,f945d808-bc25-cbea-1d2f-cf00bc749a4c,https://www.igdb.com/characters/dr-eggman,3155,3497.0,"The character Doctor Ivo ""Eggman"" Robotnik is the man antagonist of the Sonic the Hedgehog franchise, created by Sega. Being a mad scientist, he constantly plans to conquer the world in order to fulfill his dream: to build his own Eggman Empire. He's the archenemy of Sonic, and wants to do everything in his power to stand as the last winner. Spme of Eggman's basic characteristics is his egg-shaped body, his sunglasses, his clothing in red, black and yellow, as well as his very large mustache.

Outside of appearing in almost every Sonic the Hedgehog video game, he's also a recurring character in other media such as comics, animations and novels.

Eggman loves machines and is often described as a genius with an IQ of 300. He doesn't care for others' opinions and never gives up on his desire to build the ultimate ""utopia"". Whoever interrupt his plans, becomes a prime threat and a target. Although Sonic has always ruined his evil plans, Eggman holds a secret respect for his determination.

Many of the robots in the earlier games are actually animals that Robotnik trapped in mechanical outfits. These are the same animals that Sonic frees at the end of each level."
,,1680676681,"Miles ""Tails"" Prower",[7858],,miles-tails-prower,1680676686,ac3b6f64-acbd-852c-4b18-8736a4b15ffd,https://www.igdb.com/characters/miles-tails-prower,16637,,
"['Shadow', 'The Ultimate Lifeform']",3.0,1559296875,Shadow the Hedgehog,"[7858, 103018]",0.0,shadow-the-hedgehog,1680676686,ecddffbd-9112-5c0a-ba86-27593650de42,https://www.igdb.com/characters/shadow-the-hedgehog,14156,3895.0,
,3.0,1420757793,Amy Rose,"[5322, 7858, 103018]",2.0,amy-rose,1680676686,7edbcfc4-7528-726e-1ba7-d676e003f4f3,https://www.igdb.com/characters/amy-rose,3162,3496.0,
,,1680676685,Space Colony ARK computer,[7858],,space-colony-ark-computer,1680676685,d2a65214-c3e1-a132-14c1-9bf5f89d4279,https://www.igdb.com/characters/space-colony-ark-computer,16643,,
,,1680676681,Knuckles the Echidna,[7858],,knuckles-the-echidna,1680676685,fc06d0e0-6419-cb48-411f-414cb47493c2,https://www.igdb.com/characters/knuckles-the-echidna,16638,,
,,1680676684,Chao,[7858],,chao,1680676684,c1210eed-4a5f-8a32-7b11-6358603cfa98,https://www.igdb.com/characters/chao,16641,,
"['Sonic', 'The Blue Blur']",3.0,1420757792,Sonic the Hedgehog,"[5322, 7858, 103018]",0.0,sonic-the-hedgehog,1680676684,23a1699d-254f-cddc-5dec-f6eff765c10a,https://www.igdb.com/characters/sonic-the-hedgehog,3153,3495.0,"Sonic The Hedgehog, or simply Sonic, is the main protagonist of the Sonic series, starting in Sonic The Hedgehog for the Sega Genesis. He is a blue hedgehog that can run at incredible speed, being also known as ""The Blue Blur"" because of that. He always acts in a cool manner."
,,1559296875,Rouge the Bat,"[7858, 103018]",,rouge-the-bat,1680676682,5236c6f9-2369-9ba5-5f25-0341d797f3bf,https://www.igdb.com/characters/rouge-the-bat,14155,,
,,1680676659,Sumeragi Brass,[135503],,sumeragi-brass,1680676671,082b0dab-820a-271c-a252-1e5eeba051b1,https://www.igdb.com/characters/sumeragi-brass,16631,,
,,1457431569,Quinn,"[527, 135503]",,quinn,1680676671,c8b87694-5b27-429b-1a1e-76c7b44f19a9,https://www.igdb.com/characters/quinn,7509,,
,,1680676660,Asimov,[135503],,asimov,1680676670,e43989d1-3a65-8dd7-fdff-16b5348fbbee,https://www.igdb.com/characters/asimov,16635,,
,,1680676660,Zonda,[135503],,zonda,1680676670,49252766-baa6-7108-8323-e700c6989d9f,https://www.igdb.com/characters/zonda,16634,,
,,1441050220,Lola,"[181, 6574, 78152, 135503, 166326]",,lola,1680676670,a29b47a1-f926-225f-e5ee-a3febb67bd7d,https://www.igdb.com/characters/lola,5530,,
,,1680676659,Tenjian,[135503],,tenjian,1680676669,e22cc7bc-1e94-db1d-4546-3b09e1960f49,https://www.igdb.com/characters/tenjian,16633,,
,,1680676659,Jota,[135503],,jota,1680676669,257ddfe4-1b00-f4b0-04fc-a9b0d608fe31,https://www.igdb.com/characters/jota,16632,,
,,1605030498,Viper,"[19193, 135503]",,viper,1680676669,cd4442db-efcf-2b3f-8f16-829149267e75,https://www.igdb.com/characters/viper,16024,,
,,1680676658,Prado,[135503],,prado,1680676668,4e2ec218-b122-1d0c-121c-d03c3581737d,https://www.igdb.com/characters/prado,16630,,
,,1680676658,Sistina,[135503],,sistina,1680676668,d9817363-a635-ded6-b420-2e1413b0950b,https://www.igdb.com/characters/sistina,16629,,
,,1680676658,Grazie,[135503],,grazie,1680676668,0535e1d8-1e39-25dd-91f8-4f90c2923a31,https://www.igdb.com/characters/grazie,16628,,
,,1680676657,The DJINN,[135503],,the-djinn,1680676668,e5833c83-b1a1-6011-ed39-276d0e9d0af8,https://www.igdb.com/characters/the-djinn,16627,,
,,1421347993,Serpentine,"[7116, 135503]",,serpentine,1680676668,da179336-018e-8521-6430-e2a6dc400470,https://www.igdb.com/characters/serpentine,3225,,
,,1680676657,ZedΩ,[135503],,zedo,1680676667,973d56a8-0bee-fbd2-dacb-0594365d8d87,https://www.igdb.com/characters/zedo,16626,,
,,1680676657,Cayman,[135503],,cayman,1680676667,af1e0101-bc90-7bdd-d85e-a7a5b1127daf,https://www.igdb.com/characters/cayman,16625,,
,,1424455028,Apollo,"[9016, 135503]",,apollo,1680676667,55d9a00d-94a0-148d-f1cb-983daf36edf2,https://www.igdb.com/characters/apollo,3502,,
,,1418476806,Layla,"[5540, 135503]",,layla,1680676667,f87abea8-6d51-47b0-6abd-af1612179674,https://www.igdb.com/characters/layla,2963,,
,,1680676656,Shiron,[135503],,shiron,1680676666,2fc8a2cb-c8df-b04a-ddbd-d1cac3f54bd5,https://www.igdb.com/characters/shiron,16624,,
,,1680676655,Mytyl,[135503],,mytyl,1680676666,0c35c835-8381-8280-2536-2555dddcb4c3,https://www.igdb.com/characters/mytyl,16623,,
,,1680676655,Lumen,[135503],,lumen,1680676666,1425ebb5-df41-be65-10dd-33f5566fa06c,https://www.igdb.com/characters/lumen,16622,,
,,1408106776,B.B.,"[18, 135503]",,b-b,1680676666,4ff918f3-368b-4f98-dd89-3046433d7706,https://www.igdb.com/characters/b-b,712,,
,,1680676655,Kirin,[135503],,kirin,1680676665,9627fa15-0d03-a9f3-8b6f-ee2a08a51ec2,https://www.igdb.com/characters/kirin,16621,,
,,1680676655,Gunvolt,[135503],,gunvolt,1680676665,ec691f75-0cb1-902b-0549-ad80fba493ae,https://www.igdb.com/characters/gunvolt,16620,,
,,1413229826,Soldier,"[380, 499, 550, 551, 1182, 1276, 1291, 1305, 1377, 1468, 1985, 2130, 5328, 19562, 27283, 37016, 37143, 76253, 88116, 93746, 110875, 135503]",,soldier,1680676665,0c148e05-d139-6bc7-3f5e-52feb536dc94,https://www.igdb.com/characters/soldier,2140,,
,,1680676640,Narrator - Trailer,[166326],,narrator-trailer,1680676645,1f8070cc-7f80-b991-1878-dfff1851676f,https://www.igdb.com/characters/narrator-trailer,16619,,
,,1384910106,Narrator,"[5, 13, 14, 15, 16, 43, 66, 110, 126, 191, 245, 293, 424, 488, 499, 527, 549, 550, 551, 555, 621, 753, 800, 848, 1161, 1250, 1291, 1913, 2136, 2155, 2238, 2273, 2291, 2368, 2444, 2602, 2633, 2651, 2911, 2933, 3035, 4181, 4756, 5313, 5619, 5620, 5845, 6038, 6247, 6250, 7145, 7211, 7330, 7603, 7789, 7859, 8255, 8256, 9120, 10460, 10760, 11133, 11367, 14748, 16928, 19130, 26845, 26951, 30264, 37001, 48103, 58029, 76882, 76960, 78149, 78547, 80021, 83844, 90107, 107300, 110503, 113113, 113249, 132096, 139919, 166326]",,narrator,1680676645,f6ec2901-c95d-f1c1-8cb4-50d4ef78ef09,https://www.igdb.com/characters/narrator,56,,
,,1680676639,Hail,[166326],,hail,1680676644,a8899963-7354-e275-db67-4a8301e492ff,https://www.igdb.com/characters/hail,16618,,
,,1680676639,Brigade,[166326],,brigade,1680676644,ef1a4588-e62f-0ac0-a0d3-66868e4117d2,https://www.igdb.com/characters/brigade,16617,,
,,1463508378,Ace,[166326],,ace,1680676644,176ad7dc-c2c3-a384-8396-79a431e03a02,https://www.igdb.com/characters/ace,8566,,
,,1680676638,Autochrome,[166326],,autochrome,1680676643,e1876332-49a8-5f89-301b-ce40427e86ab,https://www.igdb.com/characters/autochrome,16616,,
,,1680676638,Vespa,[166326],,vespa,1680676643,8f071eb3-20c5-943f-904e-45d2521bd312,https://www.igdb.com/characters/vespa,16615,,
,,1680676638,Dacite,[166326],,dacite,1680676643,182c2374-516c-5ac1-b519-924302c851f8,https://www.igdb.com/characters/dacite,16614,,
,,1399066989,Mother,"[134, 211, 550, 556, 1770, 6433, 7642, 8072, 8115, 9525, 110875, 166326]",,mother,1680676643,f33d8c8f-22c3-7f71-9039-d998099f4f3b,https://www.igdb.com/characters/mother,556,,
,,1680676637,Ypsilon,[166326],,ypsilon,1680676642,efd934b7-b811-76cc-d743-c5d707f4fa9b,https://www.igdb.com/characters/ypsilon,16613,,
,,1680676637,Null,[166326],,null,1680676642,9ee455d9-5dc1-df33-d9f6-f6ab83d825d3,https://www.igdb.com/characters/null,16612,,
"['Miss President', 'Queen']",1.0,1559296816,Makoto Niijima,"[54218, 54220]",1.0,makoto-niijima,1670010860,dc8e06a0-b3de-e680-357f-5ed64d9dd936,https://www.igdb.com/characters/makoto-niijima,14151,4116.0,Makoto Niijima is a playable character in Persona 5. She's the student council president of Shujin Academy who lives a double life as a Phantom Thief.
['Lys'],1.0,1573141546,Lysithea von Ordelia,[26845],1.0,lysithea-von-ordelia,1670010698,69d62bae-520a-0a86-a2cd-8fa895cac598,https://www.igdb.com/characters/lysithea-von-ordelia,15040,4114.0,Lysithea is a playable character in Fire Emblem: Three Houses. She is a student at the Officers Academy who is from the Leicester Alliance and is a member of the Golden Deer.
,1.0,1573141544,Sylvain Jose Gautier,[26845],0.0,sylvain-jose-gautier,1670010680,3288ef9a-18b8-ec85-e2a0-1ff59fad3adc,https://www.igdb.com/characters/sylvain-jose-gautier,15035,4113.0,Sylvain is a playable character that appears in Fire Emblem: Three Houses. Sylvain is a student at the Officers Academy who hails from the Holy Kingdom of Faerghus and is a member of the Blue Lions.
['Ivy'],1.0,1547343005,Isabella 'Ivy' Valentine,[76885],1.0,isabella-ivy-valentine,1670010610,2e90500f-a741-a070-47d8-efe81febff1b,https://www.igdb.com/characters/isabella-ivy-valentine,12312,4118.0,"Isabella ""Ivy"" Valentine is a character in the Soul series of fighting games. She appears in every game since Soulcalibur."
"['Edel', 'Edie', 'El', 'Lady Edelgard']",1.0,1573141541,Edelgard,[26845],1.0,edelgard,1670010058,c6ef6349-cf15-1873-65fd-cea8d01b9829,https://www.igdb.com/characters/edelgard,15028,4112.0,"Edelgard is a playable character and one of the main protagonists in Fire Emblem: Three Houses. She is the princess and the future emperor of the Adrestian Empire. In the Officers Academy, she is the leader of the Black Eagles."
,5.0,1462573999,Noel Vermillion,"[6750, 51448]",1.0,noel-vermillion,1670010034,2993cb63-1800-09fb-c27e-eacd5406c495,https://www.igdb.com/characters/noel-vermillion,7843,4111.0,"She is a playable character in the BlazBlue series. Is a former second lieutenant of the World Void Information Control Organization, who was a soldier in the 4th Magic Division, and a member of the Imperial Guards."
,1.0,1425226179,Harley Quinn,[500],1.0,harley-quinn,1670010022,5f677b11-606d-145b-5e0c-44af007818c0,https://www.igdb.com/characters/harley-quinn,3632,4110.0,"An Arkham Asylum psychiatrist, who begged and eventually convinced her superiors to treat The Joker, Dr. Harleen Quinzel became obsessively fixated on her patient, and believed herself to be in love with him. She helped him escape from confinement and took on her own criminal identity as Harley Quinn."
"['The Joy', 'The Mother of Special Forces']",1.0,1441492917,The Boss,"[379, 382]",1.0,the-boss,1670009052,6ec1bf69-47ce-fc1f-a4b9-e86b3fa6ad59,https://www.igdb.com/characters/the-boss,5613,4117.0,"The Boss was a renowned American soldier, founder, and leader of the Cobra Unit, and mentor and mother figure to Naked Snake."
"['Cowboy', 'Jim Milton', 'Johnny Boy']",1.0,1410704951,John Marston,"[434, 25076]",0.0,john-marston,1669942864,679914f5-3205-c017-4891-d8d8e19050a9,https://www.igdb.com/characters/john-marston,1494,4104.0,"John Marston is the protagonist of Red Dead Redemption, and a central character in Red Dead Redemption 2. He is also the main protagonist of the non-canon Undead Nightmare expansion pack."
['Archibald Smith'],1.0,1410704951,Dutch van der Linde,"[434, 25076]",0.0,dutch-van-der-linde,1669942832,9abc8884-c3d2-a4cb-e0b2-70b41d006d21,https://www.igdb.com/characters/dutch-van-der-linde,1498,4105.0,"Dutch van der Linde is a recurring character in the Red Dead series, appearing as a central character and one of the primary antagonists of Red Dead Redemption, as well as a central character in Red Dead Redemption 2."
"['Lord of the Night', 'Mad Dog of Shimano', 'One-Eyed Demon']",1.0,1462574013,Goro Majima,"[2061, 2062, 11397, 55090]",0.0,goro-majima,1669942778,c7ece80a-3a97-8f43-0262-3e1f8bba222b,https://www.igdb.com/characters/goro-majima,7888,4106.0,"Goro Majima is a recurring major character in the Yakuza series first introduced in the original Yakuza.

His unpredictability, ferocity in combat, and accomplishments as the captain of the Shimano Family earned him the nickname ""The Mad Dog of Shimano"". He is the former patriarch of the Majima Family, the founder and former president of Majima Construction, and the former vice-chairman of the Tojo Clan."
"['Ishmael', 'Jack', 'John', 'Naked Snake', 'Snake', 'The Man Who Sold the World', 'Vic Boss']",1.0,1440480934,Big Boss,[380],0.0,big-boss,1669942520,782dad62-22a1-d94d-da4b-e245bf73f98f,https://www.igdb.com/characters/big-boss,5389,4107.0,"Is a renowned special forces operative and mercenary commander. He founded U.S. Army Special Forces Unit FOXHOUND, along with the mercenary company Militaires Sans Frontières, and was one of the founding members of the Patriots. Big Boss later established the military states of Outer Heaven and Zanzibar Land as bases for his companies, in order to realize his ambitions of creating a nation for soldiers. Considered by some as ""The Greatest Warrior of the 20th Century,"" he earned such monikers as ""the Legendary Soldier"" and ""the Legendary Mercenary,"" feared in combat by both friend and foe as a hero and a madman."
,5.0,1431265890,Mileena,[7292],1.0,mileena,1669942397,7a13f70c-4739-6a35-1466-4affcf9d2b53,https://www.igdb.com/characters/mileena,4365,4108.0,"Mileena is a character in the Mortal Kombat series. A genetic experiment created by the sorcerer Shang Tsung, she is one of the adopted daughters of the Outworld Emperor Shao Kahn and one of his personal enforcers. She has served as an antagonist throughout the series."
['The Devil Hunter'],5.0,1556012224,Nero,[76253],0.0,nero,1669659643,b00684bf-fc6e-a65b-e9e0-11ed15a67082,https://www.igdb.com/characters/nero,12970,4103.0,
"['Ezio Auditore', 'Ezio Auditore da Firenze']",1.0,1409444634,Ezio Auditore,"[113, 127, 537]",0.0,ezio-auditore,1669642824,a288ecab-6f0f-dc97-1e43-e3a8388b9cdf,https://www.igdb.com/characters/ezio-auditore,1110,3506.0,"Ezio Auditore da Firenze is an Italian assassin and fictional character is in the video game series Assassin's Creed. He serves as the protagonist of the franchise's series of games set in the Italian Renaissance. He appears in Assassin's Creed II, II: Discovery, Brotherhood, and Revelations, as well as the animated short film Embers. He also makes a brief animated appearance in Assassin's Creed III alongside Altaïr Ibn-La'Ahad."
"['Nelo Angelo', 'Urizen', 'V']",5.0,1410986354,Vergil,"[134, 1254, 76253]",0.0,vergil,1667852513,cafb91a2-3c4e-7a97-b3cc-7ce19a038378,https://www.igdb.com/characters/vergil,1899,4102.0,
['Moles'],3.0,1667570000,Kretes,,0.0,kretes,1667572978,04b2b474-dba5-334e-41f3-3334101ca0cf,https://www.igdb.com/characters/kretes,16609,4101.0,
,4.0,1517079051,Molten Freddy,,0.0,molten-freddy,1657742447,25c50c78-e8c3-22ac-7b1c-b5d3ff1e74be,https://www.igdb.com/characters/molten-freddy,11236,4070.0,"Molten Freddy is the remains of Ennard, with the consciousness of Funtime Freddy in control, along with Ballora and Funtime Foxy. He first appeared in Freddy Fazbear's Pizzeria Simulator as one of the four main antagonists."
"['Catherine Ann Archer', 'The Fox']",1.0,1432043872,Cate Archer,[897],1.0,cate-archer,1651237111,1dbdc5b9-346d-5870-20c7-3627a132292e,https://www.igdb.com/characters/cate-archer,4629,4068.0,
,1.0,1465592814,Dr. Doom,,0.0,dr-doom,1651237107,bc3ca6a6-73ce-2e9d-9279-ff1c0cec659f,https://www.igdb.com/characters/dr-doom,9053,3678.0,
,,1647897711,Additional,[2369],,additional,1647897732,075e65d8-c756-a0c9-9224-086ccfd9cfe3,https://www.igdb.com/characters/additional,16579,,
,,1647897710,Undead Leader (multiplayer),[2369],,undead-leader-multiplayer,1647897730,1ac5b09d-ddc7-3701-c1c0-d6112550e2cc,https://www.igdb.com/characters/undead-leader-multiplayer,16578,,
,,1647897710,Human Leader (multiplayer),[2369],,human-leader-multiplayer,1647897729,1924039d-5fc1-0771-5404-f9ce131e705c,https://www.igdb.com/characters/human-leader-multiplayer,16577,,
,,1647897710,Aratrok,[2369],,aratrok,1647897729,ae85d7a4-d2f9-2495-e3ca-d5f5c35d1e9a,https://www.igdb.com/characters/aratrok,16576,,
,,1647897710,Menelag,[2369],,menelag,1647897729,ecc219c8-c15f-7ee2-4bb5-8287ff53b418,https://www.igdb.com/characters/menelag,16575,,
,,1647897709,Demon Sovereign,[2369],,demon-sovereign,1647897729,8d23683b-2e17-2721-09ff-18807a92a005,https://www.igdb.com/characters/demon-sovereign,16574,,
,,1647897709,Arantir,[2369],,arantir,1647897728,666f49f1-ed1e-0952-01ce-a48d33c0d33e,https://www.igdb.com/characters/arantir,16573,,
,,1647897709,Phenrig,[2369],,phenrig,1647897728,01c65dd5-aa47-5c8c-27ab-ddd8374d7ff6,https://www.igdb.com/characters/phenrig,16572,,
,,1647897709,Leanna,[2369],,leanna,1647897728,07463f86-d05f-2cd2-9793-64ad80760128,https://www.igdb.com/characters/leanna,16571,,
,,1647897708,Xana,[2369],,xana,1647897728,540d489d-7d64-b19b-48b4-6f649e850502,https://www.igdb.com/characters/xana,16570,,
,,1647897708,Sareth,[2369],,sareth,1647897727,228157ec-c638-dc48-c3b0-f99f2f6cfe8c,https://www.igdb.com/characters/sareth,16569,,
,,1410707994,Voice Actor,"[189, 245, 320, 482, 499, 502, 550, 558, 601, 649, 670, 748, 939, 965, 1015, 1077, 1214, 1307, 1308, 1399, 1400, 1602, 1836, 2050, 2129, 2177, 2249, 2359, 2449, 2629, 2642, 2713, 3049, 3475, 3852, 4656, 4700, 4979, 5064, 5408, 5508, 5522, 5592, 5809, 5883, 6360, 6481, 6737, 7228, 7292, 7485, 7686, 8138, 8236, 8509, 8576, 8739, 9509, 10759, 10914, 11161, 11409, 11582, 11682, 12482, 12519, 14363, 15821, 15925, 16779, 17069, 19333, 19729, 20909, 25343, 25623, 27513, 28745, 81256, 105269, 113866, 114353, 116589, 119298, 120552]",,voice-actor,1647897631,e07c61d9-c321-b83b-aba7-9a4f0e22eeda,https://www.igdb.com/characters/voice-actor,1640,,
,,1528982935,Vincent,"[482, 19300, 36897]",,vincent,1647897626,6aef1aff-62cf-b075-693e-07c1c17ae381,https://www.igdb.com/characters/vincent,11585,,
,,1442781030,Claudia,"[482, 491]",,claudia,1647897625,9bb955e7-f32c-1cec-e826-c251effb96b6,https://www.igdb.com/characters/claudia,5707,,
,,1647897624,Douglas,[482],,douglas,1647897624,11bda93d-98eb-50b8-9509-245f78a36afc,https://www.igdb.com/characters/douglas,16568,,
,,1647897622,Heather,[482],,heather,1647897622,ed531908-d99c-2ee1-7344-abf611ffa37a,https://www.igdb.com/characters/heather,16567,,
,5.0,1562246737,Zelda,[116419],1.0,zelda,1644310136,26c8520a-8faf-201d-02a2-62be1b88a93b,https://www.igdb.com/characters/zelda,14390,3936.0,Zelda is a primary character in The Legend of Zelda series. She's usually portrayed the princess of the Hyrule Kingdom.
,1.0,1409444634,Mario Auditore,"[113, 127]",0.0,mario-auditore,1641980332,4c9c6cac-dd36-8e68-e694-caacc36a1035,https://www.igdb.com/characters/mario-auditore,1112,4047.0,"Mario Auditore (1434 – 1500) was the leader of the Italian Brotherhood of Assassins from at least 1476 to his death, a condottiero, and the ruler of Monteriggioni from 1454 until his death."
,,1451295593,German Voice Actor,"[46, 842, 103018, 103020, 122050]",,german-voice-actor,1634557823,ad4dcab8-f151-8335-6556-b730d302aa3b,https://www.igdb.com/characters/german-voice-actor,6991,,
,,1451295593,English Voice Actor,"[842, 122050]",,english-voice-actor,1634557822,990bac19-e408-dcb8-88c1-95f51938d73b,https://www.igdb.com/characters/english-voice-actor,6990,,
,,1419119289,Extra Voices,[7859],,extra-voices,1632916126,5e2a04ca-602e-5e49-52f7-3345439612be,https://www.igdb.com/characters/extra-voices,3072,,
,,1419119289,Bruno,"[66, 604, 7859]",,bruno,1632916103,08ec262c-5be4-5411-08ee-14ff5b133b6a,https://www.igdb.com/characters/bruno,3071,,
,,1419119289,Madame Lorelei,[7859],,madame-lorelei,1632916101,28c28b9f-1571-7223-f830-9c4f92123738,https://www.igdb.com/characters/madame-lorelei,3070,,
,,1419119289,Dragon,"[5408, 7859]",,dragon,1632916100,c6edebda-002a-643d-af5d-d99316da8367,https://www.igdb.com/characters/dragon,3069,,
,,1418476804,Bartender,"[4846, 5540, 7518, 7859, 11367, 13232]",,bartender,1632916099,d201f327-5591-ca94-9a51-d38db57efd75,https://www.igdb.com/characters/bartender,2942,,
,,1391911766,Sam,"[39, 529, 1009, 1342, 1906, 2444, 7859, 37016, 43165, 139748]",,sam,1632916098,0cd10492-40c6-ddcc-89cb-b975feb31f1c,https://www.igdb.com/characters/sam,419,,
,,1419119288,Markus,"[7859, 11545, 14362]",,markus,1632916097,b14d5b1a-252c-1309-1227-4cb0fe0158fc,https://www.igdb.com/characters/markus,3068,,
,,1419119288,Gunter,[7859],,gunter,1632916096,4cebe7b0-c8a0-71d9-da72-b8079df374ca,https://www.igdb.com/characters/gunter,3067,,
,,1419119288,Tetelo,[7859],,tetelo,1632916095,e9ea83ca-a077-b0db-eb2c-aa9ea683a494,https://www.igdb.com/characters/tetelo,3066,,
,,1419119288,Watchman,"[230, 7859]",,watchman,1632916094,c3b30c4d-c139-dd98-8a2b-0a4c0fbe8e55,https://www.igdb.com/characters/watchman,3065,,
,,1419119288,Officer Franks,[7859],,officer-franks,1632916092,ccd62b98-c71c-5092-25fb-f65c4e731a93,https://www.igdb.com/characters/officer-franks,3064,,
,,1419119288,Officer Frick,[7859],,officer-frick,1632916091,c0415f9d-d222-0505-4097-ba58e642ff72,https://www.igdb.com/characters/officer-frick,3063,,
,,1419119288,Magentia Moonbeam,[7859],,magentia-moonbeam,1632916090,b40b1a10-785a-6a50-1492-bbe71fc37687,https://www.igdb.com/characters/magentia-moonbeam,3062,,
,,1419119288,Madame Cazaunoux,[7859],,madame-cazaunoux,1632916089,3e425fce-963d-d187-d1c8-9a24ed650f73,https://www.igdb.com/characters/madame-cazaunoux,3061,,
,,1419119288,Professor Hartridge,[7859],,professor-hartridge,1632916088,5c38729d-aa32-a07d-2d96-4adb062ba165,https://www.igdb.com/characters/professor-hartridge,3060,,
,,1419119288,Grandma Knight,"[1250, 7859]",,grandma-knight,1632916085,fb4e93bb-0959-3038-929e-79db48b5f089,https://www.igdb.com/characters/grandma-knight,3059,,
,,1419119288,Wolgang Ritter,"[1250, 7859]",,wolgang-ritter,1632916084,67d4bd0d-9876-a4ef-40df-66a3a557edbf,https://www.igdb.com/characters/wolgang-ritter,3058,,
,,1419119288,Gerde,"[1250, 7859]",,gerde,1632916083,a9e8c7da-f953-8b54-cfed-8d7ee859d0b3,https://www.igdb.com/characters/gerde,3057,,
,3.0,1419119288,Crash,"[1188, 1250, 7859, 113113]",2.0,crash,1632916082,949d4ada-8dfe-9436-e3af-7951595c4d81,https://www.igdb.com/characters/crash,3056,3902.0,
,,1419119287,Willy,[7859],,willy,1632916081,981b61aa-0135-d09c-e900-8ea7e6da4161,https://www.igdb.com/characters/willy,3055,,
,,1419119287,Dr. John,"[1250, 7859]",,dr-john,1632916080,efce3273-3b01-ac92-b6f2-3d136941a514,https://www.igdb.com/characters/dr-john,3054,,
,,1419119287,Malida Gedde,"[1250, 7859]",,malida-gedde,1632916079,1458a0ca-3758-5c95-924e-b70cccdb29cf,https://www.igdb.com/characters/malida-gedde,3053,,
,,1419119287,Detective Mosely,"[1250, 7859]",,detective-mosely,1632916077,2a3a5854-ed90-5e99-3221-d1ddb65c51dc,https://www.igdb.com/characters/detective-mosely,3052,,
,,1419119287,Grace Nakimura,"[1250, 7859]",,grace-nakimura,1632916076,fb6b435d-50ad-9ecd-541f-df09b4f8594d,https://www.igdb.com/characters/grace-nakimura,3051,,
,,1419119287,Gabriel Knight,"[1250, 7859]",,gabriel-knight,1632916074,70508ad2-4980-6435-e684-45e363bc1ccd,https://www.igdb.com/characters/gabriel-knight,3050,,
,,1517067406,Reaper Soldier,,,reaper-soldier,1632237001,66283f3b-e9e8-2918-8c13-f6b29e436c39,https://www.igdb.com/characters/reaper-soldier,11175,,
,,1517067406,Grandmaster Meio,,,grandmaster-meio,1632237001,f2194b01-96fd-76bc-a902-aa3a7d34ae0d,https://www.igdb.com/characters/grandmaster-meio,11174,,
,,1502127224,Alien 4,,,alien-4,1632237001,e1c30946-98cc-a510-659f-67e7f5c19818,https://www.igdb.com/characters/alien-4,10740,,
,,1502127224,Groot,,,groot,1632237001,018d49d0-0d0b-773f-59a9-bb4df7cee4f8,https://www.igdb.com/characters/groot,10739,,
,,1502127224,Richard Felton,,,richard-felton,1632237001,77cfd7a7-9a68-18d3-eb93-389ae57fb6d4,https://www.igdb.com/characters/richard-felton,10738,,
,,1502127224,Male player character,,,male-player-character,1632237001,27fe3d53-c443-c862-3da7-7813f98448a7,https://www.igdb.com/characters/male-player-character,10737,,
,,1502127224,TorqueDawg,,,torquedawg,1632237001,d0b37fdf-ecbb-756f-eb15-9a11e9534bf1,https://www.igdb.com/characters/torquedawg,10736,,
,,1502127224,Ina Guleed Samakab,,,ina-guleed-samakab,1632237001,da51b6d7-1344-b4b6-0d94-dd75c115d256,https://www.igdb.com/characters/ina-guleed-samakab,10735,,
,,1502127224,Dragon Four,,,dragon-four,1632237001,19273632-b985-4dab-95ce-6aca65ba99be,https://www.igdb.com/characters/dragon-four,10734,,
,,1502127224,Capt. Saldana,,,capt-saldana,1632237001,33d0d1b7-8c33-6cf9-35c7-2e174b3a73e7,https://www.igdb.com/characters/capt-saldana,10733,,
,,1461461073,Warlord,,,warlord,1632237001,dc003f4f-77c0-81ae-64d4-4470b4187058,https://www.igdb.com/characters/warlord,7603,,
,,1461460394,Vishwarood,,,vishwarood,1632237001,efe423ac-212f-6f65-19e0-5b548fdc0cb0,https://www.igdb.com/characters/vishwarood,7602,,
,,1461460394,King of Cherai,,,king-of-cherai,1632237001,f1b39dc0-b110-5d49-3303-0ed8178a961a,https://www.igdb.com/characters/king-of-cherai,7601,,
,,1461460394,Digambhar,,,digambhar,1632237001,dcd32cce-f56a-ff4a-43f1-0ba5b430893d,https://www.igdb.com/characters/digambhar,7600,,
,,1461458765,Nick Chase,,,nick-chase,1632237001,4042bb80-1eb7-ee84-91c4-2a0e6f470dec,https://www.igdb.com/characters/nick-chase,7599,,
,,1461455308,Hand of Fate,,,hand-of-fate,1632237001,d190e686-a59b-69fb-762e-479c275a7aaf,https://www.igdb.com/characters/hand-of-fate,7598,,
,,1461454781,Stone Soldier,,,stone-soldier,1632237001,83640d3a-241e-527d-03ed-9e030079cb6f,https://www.igdb.com/characters/stone-soldier,7597,,
,,1461454781,Piper,,,piper,1632237001,d899b3d2-30a4-833e-de9e-a769ecfadd5f,https://www.igdb.com/characters/piper,7596,,
,,1461453733,Warren Walters,,,warren-walters,1632237001,827d238e-faaf-46c1-edce-99e278531018,https://www.igdb.com/characters/warren-walters,7595,,
,,1461450845,Voicemail,,,voicemail,1632237001,6a9ec057-ea8b-4e22-260a-dc7070e69298,https://www.igdb.com/characters/voicemail,7594,,
,,1461450845,Mugger,,,mugger,1632237001,5a455020-459f-2ddb-5920-de51e954eee0,https://www.igdb.com/characters/mugger,7593,,
,,1461450845,Writer,,,writer,1632237001,93012de7-ed85-8a5a-a9d5-36adaba109d1,https://www.igdb.com/characters/writer,7592,,
,,1461447489,Dog,[71296],,dog,1632237001,22592384-ded9-05f5-48ee-31a105b2847c,https://www.igdb.com/characters/dog,7591,,
,,1461445661,The Voice,"[17026, 18822]",,the-voice,1632237001,aecca9dc-9e9b-19f9-c2d3-010417bad68c,https://www.igdb.com/characters/the-voice,7590,,
,,1449924081,Gypsy,[12410],,gypsy,1632237001,5804c7ad-df0e-5601-4bc0-39a7df8a08dd,https://www.igdb.com/characters/gypsy,6606,,
['Mike'],1.0,1421937090,Michael Munroe,"[180, 7609, 8576]",0.0,michael-munroe,1632237001,78c06f2e-ea39-0470-b335-c6cb1d4d6ded,https://www.igdb.com/characters/michael-munroe,3459,3605.0,"Good looking, smooth as silk, and silver-tongued, Mike is the resident ladykiller. He's had more girlfriends than he's had hot dinners, which can cause a few problems when a few of them are in his immediate circle of friends...

Mike is a man of action. He's always the first to volunteer, the first to make a suggestion. With a narcissistic streak, there's no denying that he likes the attention that comes with being the man who stands up and can get things done."
,,1419889888,Shaman,"[8371, 25076]",,shaman,1632237001,b394fa7f-5cf8-30d6-2c11-00da81757fc4,https://www.igdb.com/characters/shaman,3108,,
,,1414875259,Man,[41],,man,1632237001,a4006c1c-3f24-1728-b3fe-5799457c815c,https://www.igdb.com/characters/man,2706,,
,,1412519231,Nemesis Orcs,[3025],,nemesis-orcs,1632237001,87d0156f-a50c-861f-031c-4b3b6bc1e593,https://www.igdb.com/characters/nemesis-orcs,2053,,
,,1410985933,Voice,"[125, 326, 787, 1033, 1036, 1038, 1078, 1627, 2178, 2184, 2476, 2909, 2995, 3349, 3365, 3725, 4591, 5440, 6716, 8876, 11196, 17136, 18182, 18221, 26774, 37135, 37137]",,voice,1632237001,73232d6c-569f-a33e-3325-4af46330970c,https://www.igdb.com/characters/voice,1897,,
,,1461443262,Locals,,,locals,1632237000,1de5282b-6306-300f-27ad-398e441afe16,https://www.igdb.com/characters/locals,7589,,
,,1461443260,Blackhorn,,,blackhorn,1632237000,ea00af0b-bf48-8eaf-3628-fd750649b301,https://www.igdb.com/characters/blackhorn,7588,,
,,1461441855,Gang Bangers,,,gang-bangers,1632237000,84b6a08f-3ac4-463a-b775-641c40ee5e85,https://www.igdb.com/characters/gang-bangers,7587,,
,,1461441855,Rednecks,,,rednecks,1632237000,cbd84da4-44bb-c424-dd00-d01ed6d2627b,https://www.igdb.com/characters/rednecks,7586,,
,,1461441853,Mafia Hoods,,,mafia-hoods,1632237000,1270a5b0-58e3-e0b4-2323-24230172a2bc,https://www.igdb.com/characters/mafia-hoods,7585,,
,,1461441216,Phoenix Terrorists,,,phoenix-terrorists,1632237000,46f0ab96-28b0-4530-3c80-6ee03a4c2431,https://www.igdb.com/characters/phoenix-terrorists,7584,,
,,1461441215,Commander Danko,,,commander-danko,1632237000,73ae85aa-581e-5e62-c64b-d98d1936aeb4,https://www.igdb.com/characters/commander-danko,7583,,
,,1461440990,Popovich,,,popovich,1632237000,04abc144-22b6-41ea-48eb-a9bdbe8a4562,https://www.igdb.com/characters/popovich,7582,,
,,1461440424,Jose,,,jose,1632237000,ac43e806-9ce8-c932-19e8-72b2b868195d,https://www.igdb.com/characters/jose,7581,,
,,1461440424,Barkley,,,barkley,1632237000,3523892d-badc-6f26-a99b-06230d850710,https://www.igdb.com/characters/barkley,7580,,
,,1461439637,John the Chemist,,,john-the-chemist,1632237000,e2cfbbff-3d08-d48d-5e05-bd0f09824b4e,https://www.igdb.com/characters/john-the-chemist,7579,,
,,1461439637,Alexander the Great,,,alexander-the-great,1632237000,fa19f461-2dde-84ca-371e-b34a6b2bf047,https://www.igdb.com/characters/alexander-the-great,7578,,
,,1461439637,Agent Smith,,,agent-smith,1632237000,90760bea-4bff-9a46-348c-3e4b26fca2d6,https://www.igdb.com/characters/agent-smith,7577,,
,,1461437648,Marco,"[14879, 55028]",,marco,1632237000,520e23a5-b1cb-26bd-eb9e-f43c18760d4e,https://www.igdb.com/characters/marco,7576,,
,,1461437648,Musician,,,musician,1632237000,3f5fc342-1513-8f72-8580-680eb9a456df,https://www.igdb.com/characters/musician,7575,,
,,1461437645,Hal the Hungryman,,,hal-the-hungryman,1632237000,b6e1c952-4986-8c55-5a8b-7f6259959601,https://www.igdb.com/characters/hal-the-hungryman,7574,,
,,1461435834,Blunt,,,blunt,1632237000,44c2fcb8-d85e-0194-54ce-36b78ff78f3c,https://www.igdb.com/characters/blunt,7573,,
,,1461434680,DC Barker,,,dc-barker,1632237000,9392cfab-2e31-4663-87c9-ad88d9e8f713,https://www.igdb.com/characters/dc-barker,7572,,
,,1461433437,King Arthur,,,king-arthur,1632237000,0c2a4a5b-103f-62f8-58b7-072dfec12726,https://www.igdb.com/characters/king-arthur,7571,,
,,1461431901,Chavez Trevino,,,chavez-trevino,1632237000,a358c6e1-92df-3c1a-5861-971437f27596,https://www.igdb.com/characters/chavez-trevino,7570,,
,,1461430974,Tharolas,,,tharolas,1632237000,f03433f9-359e-3a0a-876c-4583abd359ab,https://www.igdb.com/characters/tharolas,7569,,
,,1461430974,Senor Don,,,senor-don,1632237000,03b5e328-5313-155d-0746-7209f2a46ade,https://www.igdb.com/characters/senor-don,7568,,
,,1461351717,Luis Santangel,,,luis-santangel,1632237000,7b8e4c81-21ab-9ae6-77b3-5a1f4ce51111,https://www.igdb.com/characters/luis-santangel,7567,,
,,1461351717,Guard Captain,,,guard-captain,1632237000,67da30f5-adda-ec78-273c-907a1ac7f6bf,https://www.igdb.com/characters/guard-captain,7566,,
,,1461349319,Jyukai,,,jyukai,1632237000,c86b0ce3-0bc7-242e-31b3-b8943c77ea69,https://www.igdb.com/characters/jyukai,7565,,
,,1461348561,Various Truckers,,,various-truckers,1632237000,995dba26-4f7a-03f9-9b8e-2a4d12340b57,https://www.igdb.com/characters/various-truckers,7564,,
,,1461348561,Soul Man,,,soul-man,1632237000,5cdec7fe-8b3d-a914-d8ea-9972dac30e84,https://www.igdb.com/characters/soul-man,7563,,
,,1461347040,Various Characters,"[1962, 5062]",,various-characters--1,1632237000,0a4febaa-acaa-24a5-d8fa-769196c37bdc,https://www.igdb.com/characters/various-characters--1,7562,,
,,1461343553,Yannick Fairlight,,,yannick-fairlight,1632237000,d2e8b46e-8445-8ec9-6d6f-5e73a25ab55f,https://www.igdb.com/characters/yannick-fairlight,7560,,
,,1461342567,Prince Casimar,,,prince-casimar,1632237000,77e9d209-4ed5-b59c-1e65-ed8545eeda23,https://www.igdb.com/characters/prince-casimar,7559,,
,,1461342512,OsCorp Guard,,,oscorp-guard,1632237000,5573b09b-f37b-0fc1-ddea-0ef859218a49,https://www.igdb.com/characters/oscorp-guard,7558,,
,,1461342512,Robot Tech Gear,,,robot-tech-gear,1632237000,b18fcc5a-093a-24fe-8d13-b03f7dffc7f7,https://www.igdb.com/characters/robot-tech-gear,7557,,
,,1461342287,Inspector Liam O'Keefe,,,inspector-liam-okeefe,1632237000,80e70cdf-15cb-4916-a552-9e1fdd18e362,https://www.igdb.com/characters/inspector-liam-okeefe,7556,,
,,1461341788,Repairman Scruffman,,,repairman-scruffman,1632237000,a81fd247-e17f-f07b-3aed-8e2ff8a76cd6,https://www.igdb.com/characters/repairman-scruffman,7555,,
,,1461341787,Foreman Isaac Davner,,,foreman-isaac-davner,1632237000,d3400b2b-e767-4669-72b7-0734a89d18f2,https://www.igdb.com/characters/foreman-isaac-davner,7554,,
,,1461341664,Mertin Latham,,,mertin-latham,1632237000,8d41c2a2-639c-f657-e7d6-2e1a07c5686a,https://www.igdb.com/characters/mertin-latham,7553,,
,,1461341664,Swarmlord Khargroth,,,swarmlord-khargroth,1632237000,6cc15c8d-7886-ade8-bda7-81a971237e03,https://www.igdb.com/characters/swarmlord-khargroth,7552,,
,,1461341664,Orphiel Farwind,,,orphiel-farwind,1632237000,0af23e3d-e7cf-bd01-5110-16402166534f,https://www.igdb.com/characters/orphiel-farwind,7551,,
,,1461337638,Isaac Davner,,,isaac-davner,1632237000,25dbb849-1c0c-57a2-4a8b-2bda3fe90a8e,https://www.igdb.com/characters/isaac-davner,7550,,
,,1461337208,S.H.I.E.L.D. Agents,,,shield-agents,1632237000,d6ddbe09-f117-8cd7-0a7f-bb3999201a6d,https://www.igdb.com/characters/shield-agents,7549,,
,,1461337208,A.I.M Soldiers,,,aim-soldiers,1632237000,01281112-c1e3-658f-7199-0a824997173d,https://www.igdb.com/characters/aim-soldiers,7548,,
,,1461337137,Syphon,,,syphon,1632237000,8f6bff82-6593-12b5-a129-11a1bf431c1b,https://www.igdb.com/characters/syphon,7547,,
,,1461337137,Liberator Jereziah,,,liberator-jereziah,1632237000,5493ec53-912e-d9bf-d2a5-49d5068333c5,https://www.igdb.com/characters/liberator-jereziah,7546,,
,,1461337137,King Crab,,,king-crab,1632237000,7b875aaf-a99b-cb9e-c7d8-e923818434a5,https://www.igdb.com/characters/king-crab,7545,,
,,1461337055,Madred,,,madred,1632237000,a121e274-6ffc-b7c1-bbde-1949da4c7cd1,https://www.igdb.com/characters/madred,7544,,
,,1461337055,Kar'Ukan,,,karukan,1632237000,74ca4442-e460-b1fb-148b-16115140c8e8,https://www.igdb.com/characters/karukan,7543,,
,,1461336837,Business Man,,,business-man,1632237000,f7ce63f4-787a-d1c2-6c62-5ed2570b7030,https://www.igdb.com/characters/business-man,7542,,
,,1461336837,Ad Man,,,ad-man,1632237000,92912112-7187-e7fc-7a3f-fa611b33b9dd,https://www.igdb.com/characters/ad-man,7541,,
,,1461336837,Kalua Man,,,kalua-man,1632237000,22db9c26-33ed-b189-fc5a-900867f826f6,https://www.igdb.com/characters/kalua-man,7540,,
,,1461336202,Kassadin,,,kassadin,1632237000,f6ebe81b-262a-4021-8410-d61e934efde6,https://www.igdb.com/characters/kassadin,7539,,
,,1461336202,Shaco,,,shaco,1632237000,fce77a35-4d01-5a05-1d4b-1c8e9982ff00,https://www.igdb.com/characters/shaco,7538,,
,,1455100637,Rick,[1913],,rick,1632237000,d7e277af-0182-3ad4-1637-93583814db65,https://www.igdb.com/characters/rick,7129,,
,,1448319979,Deacon,[9630],,deacon,1632237000,a4b4908e-5c33-de57-1764-07589f95a22f,https://www.igdb.com/characters/deacon,6173,,
,,1448319955,Engineer,[7650],,engineer,1632237000,77f02761-85bb-781f-7c60-71d78e8620c3,https://www.igdb.com/characters/engineer,6155,,
,,1445799280,Maurice,"[3174, 7145, 14172, 43165]",,maurice,1632237000,a0af844a-bae9-22c7-3446-e19829a4c81d,https://www.igdb.com/characters/maurice,5934,,
,,1433002694,Russian Soldier,"[240, 376, 592]",,russian-soldier,1632237000,21e01dc0-4347-2240-09b3-1756aea4a077,https://www.igdb.com/characters/russian-soldier,4961,,
,,1424455834,Soldiers,"[117, 326, 382, 517, 518, 2354]",,soldiers,1632237000,f114c9a4-5459-eef5-8f33-173e0e128b9a,https://www.igdb.com/characters/soldiers,3585,,
,,1414875235,Bodyguard,"[41, 493]",,bodyguard,1632237000,b753a394-1a83-dd98-8ba6-186e3f23a383,https://www.igdb.com/characters/bodyguard,2549,,
,,1408106778,Pilot,"[18, 1164, 1305, 1319, 19562]",,pilot,1632237000,4aeb5719-1816-db3b-04e7-fb4984e666f7,https://www.igdb.com/characters/pilot,735,,
,,1396778212,TV Reporter,"[316, 1941]",,tv-reporter,1632237000,8c400c0d-1527-6bab-b80e-3689fe2a55dc,https://www.igdb.com/characters/tv-reporter,455,,
,,1461336202,Mordekaiser,,,mordekaiser,1632236999,25c00c4c-c283-2d5c-f54a-abc298332412,https://www.igdb.com/characters/mordekaiser,7537,,
,,1461336202,Ryze,,,ryze,1632236999,cbf42a70-08de-24d8-813c-2a56ea6e4cfd,https://www.igdb.com/characters/ryze,7536,,
,,1461336197,Karthus,,,karthus,1632236999,798554bd-680b-2541-faad-c708557b4da3,https://www.igdb.com/characters/karthus,7535,,
,,1461336065,Generic Male,,,generic-male,1632236999,ee546d58-3cfc-9379-d973-8e840fdfba52,https://www.igdb.com/characters/generic-male,7534,,
,,1461336065,Balic,,,balic,1632236999,1e10889d-5dda-911e-94e0-6f9124f70304,https://www.igdb.com/characters/balic,7533,,
,,1461335817,Donato Stracci,,,donato-stracci,1632236999,07a18571-d54f-bf02-78f6-490c713413ff,https://www.igdb.com/characters/donato-stracci,7532,,
,,1461335817,Alfredo Arezzo,,,alfredo-arezzo,1632236999,46e26c72-e5a3-3cc3-84d3-4527f9f18ca9,https://www.igdb.com/characters/alfredo-arezzo,7531,,
,,1461335817,Brothel Photographer,,,brothel-photographer,1632236999,cede8934-fbe8-f10c-9d3d-ded2a948d377,https://www.igdb.com/characters/brothel-photographer,7530,,
,,1461335817,Detective Campbell,,,detective-campbell,1632236999,1a7e5711-bb66-ce25-5be1-84292ab02726,https://www.igdb.com/characters/detective-campbell,7529,,
,,1461335817,Johnny Trapani,,,johnny-trapani,1632236999,4daa69a4-08af-0da7-389a-d0c6dc00951c,https://www.igdb.com/characters/johnny-trapani,7528,,
,,1461335495,Albert Sims,,,albert-sims,1632236999,4918136a-607a-6f9b-0590-2c2e1fdb4b7a,https://www.igdb.com/characters/albert-sims,7527,,
,,1461335495,Eric Lu,,,eric-lu,1632236999,69fddefd-dbd4-bc68-b367-6da0ce6a60d7,https://www.igdb.com/characters/eric-lu,7526,,
,,1461335170,Kensu,,,kensu,1632236999,be268732-eed2-4413-41a3-1fe8f8eae802,https://www.igdb.com/characters/kensu,7525,,
,,1461335170,Kahgen,,,kahgen,1632236999,4e89a0bf-0806-1888-cd81-f9d71df1b28c,https://www.igdb.com/characters/kahgen,7524,,
,,1461334982,Fuzz,,,fuzz,1632236999,6be3bfdc-851f-2df1-ee27-f0d9ea64ccb2,https://www.igdb.com/characters/fuzz,7523,,
,,1461334525,Moose,[66],,moose,1632236999,6fa6ce3b-00ac-26e6-9c44-63d5fa4fab7d,https://www.igdb.com/characters/moose,7522,,
,,1461334358,Matches,,,matches,1632236999,110151e4-e7d8-f462-5b68-dd29e33270bf,https://www.igdb.com/characters/matches,7521,,
,,1461334295,Jerry,[14362],,jerry,1632236999,800747c7-e147-be8e-015c-60c9a2cf1267,https://www.igdb.com/characters/jerry,7520,,
,,1461334172,Leland,,,leland,1632236999,0a6e6666-a356-7aba-7e0d-47d016992301,https://www.igdb.com/characters/leland,7519,,
,,1446687650,Kroger,[6707],,kroger,1632236999,c9fcddec-ba95-6a18-aa17-94928370cfc5,https://www.igdb.com/characters/kroger,6054,,
,,1431266776,The Woodsman,[2993],,the-woodsman,1632236999,eef92daa-4f1a-8f32-0ed6-d6c37acd50f1,https://www.igdb.com/characters/the-woodsman,4444,,
['The Big Bad Wolf'],3.0,1431266776,Bigby Wolf,[2993],0.0,bigby-wolf,1632236999,c2b0cd22-916a-34a1-3a4c-c6ab6312ee8e,https://www.igdb.com/characters/bigby-wolf,4438,3615.0,"The Big Bad Wolf, or Bigby Wolf as he calls himself in The Wolf Among Us, is the main protagonist and playable character in the game. Long time ago in the Homelands, Bigby was born with a group of seven cubs to Winter Wolf after being courted by the powerful North Wind. He was often teased by his brothers, but loved greatly by his mother until the day she died. When the others went out looking for their father, Bigby stayed to protect the corpse from bounty hunters. At that time, he was too weak to defend anything.

Angered by the loss, he swore vengeance, promising to eat something bigger as each day passed until he became large enough to confront his father. Seven times he tried, and seven times he failed, eventually burying his hatred and grief deep inside his heart. Around that time he became known as ""The Big Bad Wolf"" of legend. He often terrorized Little Red Riding Hood, attempting to devour her as he was stopped by the Woodsman who cut him open and filled him up with stones. That's also when the two of them became enemies.

After a series of events, Snow White tracks Bigby down and asks him to come to Fabletown. There, he becomes the sheriff with a duty to protect the Fables from mundies (humans) as well as themselves. Many people are still scared of the Wolf because of his past, and has a hard time trusting him. 

As a bit of a loner, however, he tries to prove to everyone day after day that he's not the same person anymore, and that he's capable of being the sheriff that everyone needs."
,,1428833034,Captain,"[529, 5620, 6707, 9647, 19090]",,captain,1632236999,99473fae-ff22-b468-a09c-d7ebc11b947a,https://www.igdb.com/characters/captain,3752,,
,,1418476806,Masri,[5540],,masri,1632236999,f7386934-5961-ea2d-7e3e-431276568030,https://www.igdb.com/characters/masri,2965,,
,,1418476805,FITA Guard,[5540],,fita-guard,1632236999,24ed4c68-b580-cac5-80fd-84d4bb03c65f,https://www.igdb.com/characters/fita-guard,2952,,
,5.0,1384985976,LeChuck,"[62, 63, 66]",0.0,lechuck,1632236999,1d470749-2fe2-0ba4-f5e6-3cd865be8101,https://www.igdb.com/characters/lechuck,60,3553.0,
"['MC', 'Main Character']",1.0,1630048317,Protagonist,,0.0,protagonist--1,1630067576,ff7bdc86-7a9a-6292-cf7f-c2647d2a02b9,https://www.igdb.com/characters/protagonist--1,16566,4046.0,"The protagonist is one of the five members of the Literature Club, and the main protagonist of Doki Doki Literature Club!. The protagonist uses whatever name the player gives him, but he is a separate entity from the player.
More specifically, the protagonist is an underachiever, preferring to play video games and watch anime instead of applying himself and having friends. Despite this, when he does interact with others, he tries to be kind and thoughtful.

The protagonist was designed to function like a typical visual novel protagonist. He acts blunt and mean towards Sayori, his childhood friend; teases Natsuki, the tsundere; is warm to Yuri, the shy girl; and falters around Monika, the popular girl. According to Dan Salvato, he is deliberately given very little focus."
['モニカ'],1.0,1630041261,Monika,,1.0,monika,1630049626,08c126c4-32ac-fa43-494a-af58570b1318,https://www.igdb.com/characters/monika,16562,4042.0,"Monika is one of the five members and President of the Literature Club.
Monika is noted by the other characters to be smart, confident and athletic. She is not as talkative as the other girls, but this is implied to not be through choice. Monika is also known to be quite popular, which causes the protagonist to have an admiration for her. She always has a calm, gentle expression and is portrayed as mature and hard-working."
['ナツキ'],1.0,1630042252,Natsuki,,1.0,natsuki--1,1630049617,bc7da3ba-9013-936a-80ed-badfaa8b34c9,https://www.igdb.com/characters/natsuki--1,16563,4043.0,"Natsuki is one of the five members of the Literature Club,
Natsuki appears to be a brash, blunt, cranky, and seemingly arrogant girl at first, with a cute, softer interior as a result of insecurity, convincing Monika enough to class her as the embodiment of a tsundere. While she is impulsive and can speak without thinking, Natsuki truly cares about her friends and, even when she has obvious anger issues, she doesn't enjoy fights or arguments with people. Over the course of the game, it is shown that she worries about Yuri, and, on one occasion, gives the protagonist a note asking him to help Yuri, fearing that if she spoke out then it would cause more arguments. Natsuki is very stubborn and has a hard time expressing how she feels and what she wants. When repeatedly challenged, she often becomes awkward and tongue-tied, then aggressive, and then simply bursts into tears."
['ユリ'],1.0,1630042455,Yuri,,1.0,yuri--1,1630049613,31c4cc88-b702-cf34-a823-e3fe0502607f,https://www.igdb.com/characters/yuri--1,16564,4044.0,"Yuri is one of the five members of the Literature Club,
Yuri is portrayed throughout the majority of the game as being shy, generous, polite, apologetic, very intelligent, mature, eloquent, and passionate about topics she is interested in, although she is also very insecure, awkward, and has a tendency to act slightly condescending and patronizing to mask her self-doubt. Her façade of passivity and level-headed nature occasionally breaks, however, as Yuri does argue passionately and aggressively with Natsuki over their differing opinions on writing styles. Yuri has a deep desire to be liked by others and is afraid to speak her mind on matters as she believes it will make her seem unlikable. Due to her social ineptitude, she can be innocently insensitive, but once she realizes what she said could be considered rude, she almost immediately apologizes, repeatedly saying she did not mean it. As stated by the protagonist, Yuri likes to think before she says something."
['サヨリ'],1.0,1630042570,Sayori,,1.0,sayori,1630049605,d9c74e2a-4ea2-9b77-56f5-b8f26fc181b6,https://www.igdb.com/characters/sayori,16565,4045.0,"Sayori is one of the five members of the Literature Club,
Sayori is initially portrayed as the archetype of a Genki Girl, expressing a bubbly and cheery disposition. She is very clumsy, noted for finding ways to accidentally hurt herself or to drop things. Regardless, she is shown to be a jokingly cunning individual who can trick others to get food, shown after managing to eat Natsuki's cookie without her permission. Sayori has also been known to obsess over an activity, only to drop it a few days later, as stated by the protagonist during an interaction between them. This could also be the case with writing poetry, as the protagonist wonders if she might drop it later on, though he also notices that she is a lot more passionate about writing, as she mentions earlier on that it helps her to express and understand her feelings better."
,,1449926583,Salvio,[3839],,salvio,1629816416,b7e00a41-2c83-88df-207d-7d5b05e8045a,https://www.igdb.com/characters/salvio,6740,,
,,1424599172,Carmine,"[547, 1319, 3839, 51448]",,carmine,1629816415,f1da7810-09c2-de2c-9160-d295501ab6dd,https://www.igdb.com/characters/carmine,3622,,
,,1449926582,Vincenzo,"[39, 3839]",,vincenzo,1629816414,24a18575-e350-0a55-afda-fff05da89e4c,https://www.igdb.com/characters/vincenzo,6739,,
,,1422269386,Johnny,"[20, 379, 3097, 3839, 9141]",,johnny,1629816414,0ba28a95-e224-5add-1a8d-bf95f3662654,https://www.igdb.com/characters/johnny,3474,,
,,1410986354,Kat,"[990, 1254, 2924, 3839]",,kat,1629816413,01d4eaf8-df6f-1bac-ad39-072d96e09526,https://www.igdb.com/characters/kat,1900,,
,,1449926581,Didi,[3839],,didi,1629816412,0f4236fc-41aa-14d9-3c4c-5032e80fecca,https://www.igdb.com/characters/didi,6738,,
"['Fourteenth of the Hill', 'Merigold the Fearless']",1.0,1410422808,Triss Merigold,"[478, 1942]",1.0,triss-merigold,1629719367,8c10a259-bbd6-3191-5352-17b62479377b,https://www.igdb.com/characters/triss-merigold,1458,3811.0,"Triss Merigold of Maribor was a legendary Temerian sorceress of the 13th century. Called Fourteenth of the Hill by her contemporaries because she was erroneously thought to have been killed during the Battle of Sodden Hill, she passed into history as Merigold the Fearless. A member of King Foltest's royal council along with Fercart and Keira Metz, as well as a founding member of the Lodge of Sorceresses, she was involved in politics for most of her life.

She was friends with Yennefer and the witcher Geralt of Rivia, but also unhappily in love with the latter. Triss took care of Ciri at Kaer Morhen for some time and is like an older sister to her. It was through her intervention that Ciri was not subjected to harmful hormone changes at Kaer Morhen, stripping her of her secondary gender traits.

She was a skilled healer and carried with her many magical potions, but she never used them on herself because ironically, she was allergic to potions, and used amulets to treat herself. She was also quite a powerful mage, certainly when it counted most. She wore an amulet - sapphire overlaid with silver."
,3.0,1625059346,Reksio,[82039],0.0,reksio,1626211814,43f7feb6-ce90-aa74-8894-ddd76a49793f,https://www.igdb.com/characters/reksio,16481,4041.0,
"['Grim Reaper', 'Man of the Azure']",1.0,1462573998,Ragna the Bloodedge,"[6750, 51448]",0.0,ragna-the-bloodedge,1625595491,e2377768-7e44-8fb7-de2f-15a2503cbbfb,https://www.igdb.com/characters/ragna-the-bloodedge,7841,4040.0,"Ragna the Bloodedge is the main protagonist of the BlazBlue series from Calamity Trigger to Central Fiction. He harbors a deep hatred of the Novus Orbis Librarium and aims to annihilate the organization. In turn, the NOL places the highest-ever bounty in history on his head. Ragna possesses a powerful form of ars magus (magic weapon) called the Azure Grimoire or BlazBlue which is central to the main conflict of the series."
,,1625059426,Grimalkin,[2116],,grimalkin,1625059426,2aeef1eb-737f-16b7-cb37-8c76ee7193c9,https://www.igdb.com/characters/grimalkin,16561,,
,,1625059426,Surely,[2116],,surely,1625059426,855ad258-19bd-bc45-5155-045d4cd7bb9d,https://www.igdb.com/characters/surely,16560,,
,,1625059425,Lujei Piche,[2116],,lujei-piche,1625059426,bdc69f73-6706-f5fd-63f6-36de2bfba0c5,https://www.igdb.com/characters/lujei-piche,16559,,
,,1462573994,Fairy,"[66, 2116]",,fairy,1625059426,b5a09315-1f7a-4129-3d99-7fc6a69edc20,https://www.igdb.com/characters/fairy,7837,,
,,1440481537,Guardian,"[565, 2116]",,guardian,1625059426,a851da9f-dd3f-076b-b003-3e93d3b22031,https://www.igdb.com/characters/guardian,5490,,
,,1625059425,Imp,[2116],,imp,1625059425,4b137f49-b29a-595c-24a8-5f4c5cb50b0d,https://www.igdb.com/characters/imp,16558,,
,,1625059425,Golem,[2116],,golem,1625059425,3ec0e5a1-9d7e-c283-191e-4c891d8c8f5f,https://www.igdb.com/characters/golem,16557,,
,,1625059425,Staff,[2116],,staff,1625059425,50e8f3fd-56d8-661a-884c-c4b5e20abc5d,https://www.igdb.com/characters/staff,16556,,
,,1625059425,Calvaros,[2116],,calvaros,1625059425,76464604-6c75-13ef-3abe-5296993508f0,https://www.igdb.com/characters/calvaros,16555,,
,,1625059425,Chartreuse Grande,[2116],,chartreuse-grande,1625059425,cca11588-6258-9a0f-2cfd-4596d7439d3f,https://www.igdb.com/characters/chartreuse-grande,16554,,
,,1625059425,Opalneria Rain,[2116],,opalneria-rain,1625059425,44d57792-59f0-7ed9-8013-afc9163e7167,https://www.igdb.com/characters/opalneria-rain,16553,,
,,1433022658,Phantom,"[134, 2116]",,phantom,1625059425,316130fc-9b04-1a1d-2a41-300356297846,https://www.igdb.com/characters/phantom,4966,,
,,1625059424,Hiram Menthe,[2116],,hiram-menthe,1625059424,5c7c178e-310e-3c59-4760-1f83000a653b,https://www.igdb.com/characters/hiram-menthe,16552,,
,,1625059424,Margarita Surprise,[2116],,margarita-surprise,1625059424,321b0bbf-0091-eeec-4a07-51c1490a443f,https://www.igdb.com/characters/margarita-surprise,16551,,
,,1625059424,Morning Star,[2116],,morning-star,1625059424,57a00d1d-4299-cc5a-ab35-f54adbf993b2,https://www.igdb.com/characters/morning-star,16550,,
,,1625059424,Amoretta Virgine,[2116],,amoretta-virgine,1625059424,550c61c6-29e5-c97f-539c-0273c89bd720,https://www.igdb.com/characters/amoretta-virgine,16549,,
,,1625059424,Homunculus,[2116],,homunculus,1625059424,1a8edb38-91e4-ec97-9e33-51c0b0c9a73f,https://www.igdb.com/characters/homunculus,16548,,
,,1517083963,Elf,"[2116, 2238, 6574]",,elf,1625059424,c2913e57-19a4-56f5-ef48-ee09164ae895,https://www.igdb.com/characters/elf,11358,,
,,1448841058,Gaff,"[322, 2116]",,gaff,1625059424,be753814-0903-7804-1f35-e2d13baf9043,https://www.igdb.com/characters/gaff,6461,,
,,1625059423,Advocat,[2116],,advocat,1625059423,d8a1448f-9168-6ca5-bfa9-91b173d705dc,https://www.igdb.com/characters/advocat,16547,,
,,1625059423,Grimlet,[2116],,grimlet,1625059423,63285fe6-4ddc-a661-847b-cccb34ec37c1,https://www.igdb.com/characters/grimlet,16546,,
,,1625059423,Gammel Dore,[2116],,gammel-dore,1625059423,3505aeed-3038-0bfb-7e6d-894f4b7d3447,https://www.igdb.com/characters/gammel-dore,16545,,
,,1625059423,Bartido Balleantyne,[2116],,bartido-balleantyne,1625059423,4cd2a167-6eb5-6bbc-fb5f-d0430bec2558,https://www.igdb.com/characters/bartido-balleantyne,16544,,
,,1625059423,Lillet Blan,[2116],,lillet-blan,1625059423,cfd81b02-1984-d1b1-2834-230f18abd265,https://www.igdb.com/characters/lillet-blan,16543,,
,,1408213471,Demon,"[19, 2116, 28380]",,demon,1625059423,a9c50c71-1ba8-4d78-3d23-da4bfeb27b11,https://www.igdb.com/characters/demon,747,,
,,1625059357,Announcer (AD 1985),[28337],,announcer-ad-1985,1625059357,04d6827c-f4c4-477a-7599-ec10ee00d4ae,https://www.igdb.com/characters/announcer-ad-1985,16542,,
,,1625059356,Sekigahara Lookalike,[28337],,sekigahara-lookalike,1625059357,c069135a-c08a-0e62-809e-eaf2c43fccd1,https://www.igdb.com/characters/sekigahara-lookalike,16541,,
,,1625059356,Narrator (AD 1985),[28337],,narrator-ad-1985,1625059356,bc5b7adc-24ff-b3f1-b488-d165958ac2f3,https://www.igdb.com/characters/narrator-ad-1985,16540,,
,,1625059354,Female High Schooler,[28337],,female-high-schooler,1625059356,9b9606cf-734c-2dc7-4b87-40999d501d53,https://www.igdb.com/characters/female-high-schooler,16535,,
,,1625059353,Delinquent,[28337],,delinquent,1625059356,dd537baa-1abb-6635-d507-e9b8fbbc83ca,https://www.igdb.com/characters/delinquent,16532,,
,,1625059352,Male High Schooler,[28337],,male-high-schooler,1625059356,47170f44-060a-8472-ccbe-f4da91cc1f17,https://www.igdb.com/characters/male-high-schooler,16526,,
,,1625059355,Reporter (AD 2064),[28337],,reporter-ad-2064,1625059355,56f834e4-227f-bdc9-f3c7-a185c9d364f1,https://www.igdb.com/characters/reporter-ad-2064,16539,,
,,1625059355,Shikishima Terminal,[28337],,shikishima-terminal,1625059355,0c9741bd-84bc-4b72-5f2f-b03ab6f49af5,https://www.igdb.com/characters/shikishima-terminal,16538,,
,,1625059355,Nenji Ogata (Child),[28337],,nenji-ogata-child,1625059355,fea0c41b-229f-5007-d15f-f4df2f529bdd,https://www.igdb.com/characters/nenji-ogata-child,16537,,
,,1625059355,Track Manager,[28337],,track-manager,1625059355,236f6aed-2e13-fa82-6f5a-0d5556a1b045,https://www.igdb.com/characters/track-manager,16536,,
,,1625059354,Track Girl,[28337],,track-girl,1625059354,7a1b80e1-1288-a40d-ab93-cf5f9bd6a072,https://www.igdb.com/characters/track-girl,16534,,
,,1625059354,Male HIgh Schooler,[28337],,male-high-schooler--1,1625059354,96e2c1c5-60b1-2b99-cbac-c53408f686d3,https://www.igdb.com/characters/male-high-schooler--1,16533,,
,,1625059353,Radio Announcer (AD 1945),[28337],,radio-announcer-ad-1945,1625059353,5d1c1059-a861-8d63-0008-47a5f61d9560,https://www.igdb.com/characters/radio-announcer-ad-1945,16531,,
,,1625059353,Suzana,[145165],,suzana,1625059353,2d573b86-fe55-39a7-c8da-6a4594d1cab0,https://www.igdb.com/characters/suzana,16530,,
,,1625059353,Eyewitness Reporter (AD 1985),[28337],,eyewitness-reporter-ad-1985,1625059353,5f23137b-ee68-526a-8130-02d58f4b2e32,https://www.igdb.com/characters/eyewitness-reporter-ad-1985,16529,,
,,1625059353,Nikita,[145165],,nikita,1625059353,db0be6f3-3a79-5e4b-6eac-1612de109fac,https://www.igdb.com/characters/nikita,16528,,
,,1625059353,Announcer (AD 2064),[28337],,announcer-ad-2064,1625059353,ad61de4d-eeb6-6e24-f00d-efbbac9fb571,https://www.igdb.com/characters/announcer-ad-2064,16527,,
,,1414875236,Man in Black,"[41, 28337]",,man-in-black,1625059353,1563cb10-4dbf-572a-5aec-14ae0d7d575d,https://www.igdb.com/characters/man-in-black,2557,,
,,1625059352,Takemi Wajima,[28337],,takemi-wajima,1625059352,8a77e939-06e3-a19c-da58-d155d69ea4f3,https://www.igdb.com/characters/takemi-wajima,16525,,
,,1625059352,Military Associate (AD 2064),[28337],,military-associate-ad-2064,1625059352,d65d873b-8a79-1bdd-e1cd-d5f1e02c1b07,https://www.igdb.com/characters/military-associate-ad-2064,16524,,
,,1445799293,Police Officer,"[989, 3174, 28337]",,police-officer,1625059352,7f70bbd5-33d5-2e6c-90de-1d6cb5262726,https://www.igdb.com/characters/police-officer,5964,,
,,1625059351,Interrogator (AD 2104),[28337],,interrogator-ad-2104,1625059351,c3cb9eb0-17f1-de49-be94-180f4a797176,https://www.igdb.com/characters/interrogator-ad-2104,16523,,
,,1625059351,Heizo Onishi,[28337],,heizo-onishi,1625059351,a5ca8b77-c280-181e-b8f4-455e8c15a6c4,https://www.igdb.com/characters/heizo-onishi,16522,,
,,1625059351,Kengo Ogata,[28337],,kengo-ogata,1625059351,85bfe7c2-6c9e-ef1d-6f59-2c65a8b60632,https://www.igdb.com/characters/kengo-ogata,16521,,
,,1625059351,Nozomu Yakushiji (AD 1985),[28337],,nozomu-yakushiji-ad-1985,1625059351,7c90466d-dc0f-96dd-98e7-e77f05c457e6,https://www.igdb.com/characters/nozomu-yakushiji-ad-1985,16520,,
,,1625059351,Nozomu Yakushiji (AD 2188),[28337],,nozomu-yakushiji-ad-2188,1625059351,48fa0eac-0340-c1e2-7dba-12e7237b9cf4,https://www.igdb.com/characters/nozomu-yakushiji-ad-2188,16519,,
,,1625059350,Nozomu Yakushiji,[28337],,nozomu-yakushiji,1625059350,775dd244-f8aa-7f5f-c503-ec54b94c7a6b,https://www.igdb.com/characters/nozomu-yakushiji,16518,,
,,1625059350,"male newsreader, announcer",[144466],,male-newsreader-announcer,1625059350,693e34f8-8d08-5dca-1e0f-535359f4f89c,https://www.igdb.com/characters/male-newsreader-announcer,16517,,
,,1625059350,Tamao Kurabe (AD 2188),[28337],,tamao-kurabe-ad-2188,1625059350,e8659d4f-89a8-b66e-979e-91f1474b600f,https://www.igdb.com/characters/tamao-kurabe-ad-2188,16516,,
,,1625059350,"Aranea, little girl",[144466],,aranea-little-girl,1625059350,1c4b2106-0bea-62f3-710b-72adec872af0,https://www.igdb.com/characters/aranea-little-girl,16515,,
,,1625059350,"Lilith, little boy",[144466],,lilith-little-boy,1625059350,2b10225b-6b50-4b4b-b132-93ebf9c74db6,https://www.igdb.com/characters/lilith-little-boy,16514,,
,,1625059350,Renya Gouto (AD 2188),[28337],,renya-gouto-ad-2188,1625059350,2449843a-f3af-a43b-f59f-43ff341d769b,https://www.igdb.com/characters/renya-gouto-ad-2188,16513,,
,,1625059350,Combat Navigation,[28337],,combat-navigation,1625059350,d58865d1-5d3d-dcf0-a8b5-a8f82aca9a98,https://www.igdb.com/characters/combat-navigation,16512,,
,,1625059350,"Dawn, female newsreader",[144466],,dawn-female-newsreader,1625059350,bf53384a-60fc-d3b1-5121-052e80a0f280,https://www.igdb.com/characters/dawn-female-newsreader,16511,,
,,1625059349,Bike AI,[28337],,bike-ai,1625059349,5bb63a15-fae6-8d91-aff5-2b806d158ad6,https://www.igdb.com/characters/bike-ai,16510,,
,,1625059349,Miwako Sawatari,[28337],,miwako-sawatari,1625059349,e703344f-6118-7312-b089-a5e32d6b38f2,https://www.igdb.com/characters/miwako-sawatari,16509,,
,,1625059349,Phone Message,[28337],,phone-message,1625059349,06faaff6-02b9-44dd-a543-6ee151a51468,https://www.igdb.com/characters/phone-message,16508,,
,,1625059349,Tamao Kurabe,[28337],,tamao-kurabe,1625059349,fcd549af-2b38-a5ad-b252-303ebd725323,https://www.igdb.com/characters/tamao-kurabe,16507,,
,,1625059349,chrabąszcz,[82039],,chrabaszcz,1625059349,e70eabd8-17b7-2546-ad60-a7f92a45a9e8,https://www.igdb.com/characters/chrabaszcz,16506,,
,,1625059349,żuk,[82039],,zuk,1625059349,d91039b7-72fe-84d3-3da9-c30aea2c51f1,https://www.igdb.com/characters/zuk,16505,,
,,1625059349,Erika Aiba,[28337],,erika-aiba,1625059349,4f81cecf-d38c-d8b8-b1f8-3bbea3e40f5f,https://www.igdb.com/characters/erika-aiba,16504,,
,,1625059348,Kret,[82039],,kret,1625059348,f2b49edc-f510-3ed3-18d9-309639463468,https://www.igdb.com/characters/kret,16503,,
,,1625059348,Juro Izumi (AD 2188),[28337],,juro-izumi-ad-2188,1625059348,848b7edd-6190-4477-616e-4bc0a1d5fdca,https://www.igdb.com/characters/juro-izumi-ad-2188,16502,,
,,1625059348,Ufokura,[82039],,ufokura,1625059348,d0f5dff7-52a0-d812-1e9d-03923ebefc8e,https://www.igdb.com/characters/ufokura,16501,,
,,1625059348,Juro Izumi (Adult),[28337],,juro-izumi-adult,1625059348,f2df4846-d391-c2b2-5628-717d5a4a1e3d,https://www.igdb.com/characters/juro-izumi-adult,16500,,
,,1625059348,Piptaszek,[82039],,piptaszek,1625059348,b02ca30f-112a-7298-c865-6c91963a223f,https://www.igdb.com/characters/piptaszek,16499,,
,,1625059348,Fluffy,[28337],,fluffy,1625059348,ac77ccdf-290c-af14-7587-015c2e6ac208,https://www.igdb.com/characters/fluffy,16498,,
,,1625059348,Kapłon,[82039],,kaplon,1625059348,03865f9c-e86c-c387-5023-601020f522e6,https://www.igdb.com/characters/kaplon,16497,,
,,1625059348,Ochroniarz,[82039],,ochroniarz,1625059348,0458b333-18bc-0be7-4c24-97f138c8a96d,https://www.igdb.com/characters/ochroniarz,16496,,
,,1625059348,Kyuta Shiba,[28337],,kyuta-shiba,1625059348,2c0a135b-0b4b-3980-519c-41118d510050,https://www.igdb.com/characters/kyuta-shiba,16495,,
,,1625059348,Kapitan O'Gryzek,[82039],,kapitan-ogryzek,1625059348,84ae7090-8ec1-5f31-b233-f75a36ad47ba,https://www.igdb.com/characters/kapitan-ogryzek,16494,,
,,1625059348,Sokole Oko,[82039],,sokole-oko,1625059348,3ad0b85f-234d-e73f-9c8a-75925a3ceab6,https://www.igdb.com/characters/sokole-oko,16493,,
,,1625059347,Tsukasa Okino (AD 2188),[28337],,tsukasa-okino-ad-2188,1625059347,66630f49-7d57-01be-31d8-2df50d5dfb82,https://www.igdb.com/characters/tsukasa-okino-ad-2188,16492,,
,,1625059347,Kanonier Kaszalot,[82039],,kanonier-kaszalot,1625059347,ba590c9f-2ca8-3bc9-82b0-42907cb027d2,https://www.igdb.com/characters/kanonier-kaszalot,16491,,
,,1625059347,Kiriko Oouji,[28337],,kiriko-oouji,1625059347,8336349b-87d7-4a17-a1b7-e7f0970efa6f,https://www.igdb.com/characters/kiriko-oouji,16490,,
,,1625059347,Bosman Janusz,[82039],,bosman-janusz,1625059347,95a1dfba-46b5-ff18-8798-a06590f46952,https://www.igdb.com/characters/bosman-janusz,16489,,
,,1625059347,Tsukasa Okino,[28337],,tsukasa-okino,1625059347,6986f994-10e0-24d2-04e6-7b7dd3f849f1,https://www.igdb.com/characters/tsukasa-okino,16488,,
,,1625059347,Majtek,[82039],,majtek,1625059347,1ab5404a-2a61-4442-d6dd-7353bc6123f8,https://www.igdb.com/characters/majtek,16487,,
,,1625059347,Nenji Ogata (AD 2188),[28337],,nenji-ogata-ad-2188,1625059347,1dbb74ad-7cb4-c257-5b24-d0f14fbd7348,https://www.igdb.com/characters/nenji-ogata-ad-2188,16486,,
,,1625059347,Królewna,[82039],,krolewna,1625059347,7c5a25e0-0f25-8f3b-8dfd-5e58e7e55119,https://www.igdb.com/characters/krolewna,16485,,
,,1625059346,Nenji Ogata,[28337],,nenji-ogata,1625059347,5e25335c-ab3b-ffc6-2beb-d086bb5b4ea9,https://www.igdb.com/characters/nenji-ogata,16484,,
,,1625059346,Wódz Kur-czaka,[82039],,wodz-kur-czaka,1625059346,ecd1c35f-1e8f-0233-ffb7-71b6d8df3f60,https://www.igdb.com/characters/wodz-kur-czaka,16483,,
,,1625059346,Robinson Kozoe,[82039],,robinson-kozoe,1625059346,57d89483-b029-f8bd-3b0b-6d620807b049,https://www.igdb.com/characters/robinson-kozoe,16482,,
,,1625059346,Takatoshi Hijiyama (AD 2188),[28337],,takatoshi-hijiyama-ad-2188,1625059346,b9e6570d-9eb8-2d61-d428-4ab49bccf914,https://www.igdb.com/characters/takatoshi-hijiyama-ad-2188,16480,,
,,1625059346,narrator,[82039],,narrator--1,1625059346,0870da9b-ac94-cf16-90b1-9e28d84276ca,https://www.igdb.com/characters/narrator--1,16479,,
,,1625059346,Takatoshi Hijiyama,[28337],,takatoshi-hijiyama,1625059346,ff2ae50b-40a2-5293-7c4b-c1a50adbcb57,https://www.igdb.com/characters/takatoshi-hijiyama,16478,,
,,1625059346,in additional roles,[82039],,in-additional-roles,1625059346,849e64f8-9e47-4970-7c55-f4540fc4a73c,https://www.igdb.com/characters/in-additional-roles,16477,,
,,1625059346,Keitaro Miura (AD 2188),[28337],,keitaro-miura-ad-2188,1625059346,4e43caca-d419-d4e3-6967-af4264c68589,https://www.igdb.com/characters/keitaro-miura-ad-2188,16476,,
,,1625059345,BJ,[28337],,bj,1625059345,51502ae7-c126-277b-1199-e1da716b1977,https://www.igdb.com/characters/bj,16475,,
,,1625059345,Keitaro Miura,[28337],,keitaro-miura,1625059345,b8bd01f7-5d55-b051-a14f-8907bf4a317b,https://www.igdb.com/characters/keitaro-miura,16474,,
,,1625059345,Tetsuya Ida (AD 2188),[28337],,tetsuya-ida-ad-2188,1625059345,8639cc3f-3851-c7c2-c513-8d0081c9cc0f,https://www.igdb.com/characters/tetsuya-ida-ad-2188,16473,,
,,1625059345,Tetsuya Ida (Youth),[28337],,tetsuya-ida-youth,1625059345,bcf8c50c-6e75-57cf-31dc-8aa1da429aca,https://www.igdb.com/characters/tetsuya-ida-youth,16472,,
,,1625059344,Tetsuya Ida,[28337],,tetsuya-ida,1625059345,29e4082b-7669-ed71-f7a2-157137985c32,https://www.igdb.com/characters/tetsuya-ida,16471,,
,,1625059344,Shu Amiguchi,[28337],,shu-amiguchi,1625059344,02c9995e-92b8-f340-ba22-49a7cfeb6881,https://www.igdb.com/characters/shu-amiguchi,16470,,
,,1625059344,Yuki Takamiya (AD 2188),[28337],,yuki-takamiya-ad-2188,1625059344,5a67fb99-e2a4-a72d-90d7-25306dd09a99,https://www.igdb.com/characters/yuki-takamiya-ad-2188,16469,,
,,1625059344,Yuki Takamiya,[28337],,yuki-takamiya,1625059344,0dff0608-d87e-b074-599f-cf8909b14741,https://www.igdb.com/characters/yuki-takamiya,16468,,
,,1625059344,Miyuki Inaba,[28337],,miyuki-inaba,1625059344,72b224a1-a22f-88ae-3c83-2fc034369827,https://www.igdb.com/characters/miyuki-inaba,16467,,
,,1625059343,Tomi Kisaragi (AD 2188),[28337],,tomi-kisaragi-ad-2188,1625059343,3c5a6476-cd71-bb8d-eddd-fef3a696798f,https://www.igdb.com/characters/tomi-kisaragi-ad-2188,16466,,
,,1625059343,Tomi Kisaragi,[28337],,tomi-kisaragi,1625059343,87b064f6-660a-4d5e-3777-7165fae295ea,https://www.igdb.com/characters/tomi-kisaragi,16465,,
,,1625059343,Natsuno Minami (AD 2188),[28337],,natsuno-minami-ad-2188,1625059343,7b1bc8d0-65e9-3fe7-dd5d-50055e3a024b,https://www.igdb.com/characters/natsuno-minami-ad-2188,16464,,
,,1625059343,Natsuno Minami,[28337],,natsuno-minami,1625059343,517aa278-4d10-931a-db96-d347e26cba83,https://www.igdb.com/characters/natsuno-minami,16463,,
,,1625059343,Ryoko Shinonome (AD 2188),[28337],,ryoko-shinonome-ad-2188,1625059343,f4bf4a75-8ebd-ea79-e499-e52aa705bb9f,https://www.igdb.com/characters/ryoko-shinonome-ad-2188,16462,,
,,1625059343,Ryoko Shinonome,[28337],,ryoko-shinonome,1625059343,8b99e9ec-c0e4-343a-323d-ac9865b5665a,https://www.igdb.com/characters/ryoko-shinonome,16461,,
,,1625059342,Renya Gouto,[28337],,renya-gouto,1625059342,93e5898c-ab01-3142-3564-3b10719a4ee3,https://www.igdb.com/characters/renya-gouto,16460,,
,,1625059342,Ei Sekigahara (AD 2188),[28337],,ei-sekigahara-ad-2188,1625059342,b66ccd6c-112d-beb5-ce48-9fd290c2c03c,https://www.igdb.com/characters/ei-sekigahara-ad-2188,16459,,
,,1625059342,Ei Sekigahara,[28337],,ei-sekigahara,1625059342,cfad2e09-dbfe-ccd1-9b82-5eca996c0572,https://www.igdb.com/characters/ei-sekigahara,16458,,
,,1625059342,Chihiro Morimura (AD 2188),[28337],,chihiro-morimura-ad-2188,1625059342,46d7e34f-bef9-5381-cd73-46d835ceb00e,https://www.igdb.com/characters/chihiro-morimura-ad-2188,16457,,
,,1625059342,Chihiro Morimura (Adult),[28337],,chihiro-morimura-adult,1625059342,e9a70da7-22e5-57c2-7dbc-6c8ff6610bb2,https://www.igdb.com/characters/chihiro-morimura-adult,16456,,
,,1625059341,Chihiro Morimura (Child),[28337],,chihiro-morimura-child,1625059341,cc58ba5a-7389-b223-554e-d8674d9bc66a,https://www.igdb.com/characters/chihiro-morimura-child,16455,,
,,1625059341,Chihiro Morimura,[28337],,chihiro-morimura,1625059341,6a229e12-1907-69ad-b913-5a0ef141a488,https://www.igdb.com/characters/chihiro-morimura,16454,,
,,1625059341,Iori Fuyusaka,[28337],,iori-fuyusaka,1625059341,04748109-a31d-8424-4aad-51ad65c3d02d,https://www.igdb.com/characters/iori-fuyusaka,16453,,
,,1625059341,Megumi Yakaushiji,[28337],,megumi-yakaushiji,1625059341,a9eefaa5-9583-ef59-ea06-1fc39478e8e0,https://www.igdb.com/characters/megumi-yakaushiji,16452,,
,,1625059341,Juro Izumi,[28337],,juro-izumi,1625059341,b68c36e3-e087-20be-9ede-91c4f5c79a30,https://www.igdb.com/characters/juro-izumi,16451,,
,,1625059340,Juro Kurabe,[28337],,juro-kurabe,1625059341,b189ccb6-1f48-d277-dd70-951765090427,https://www.igdb.com/characters/juro-kurabe,16450,,
,,1625059337,Tofu Seller,[2266],,tofu-seller,1625059337,7f7efae7-e4a5-7118-eb50-04a30b19841e,https://www.igdb.com/characters/tofu-seller,16449,,
,,1625059337,Evil Monk,[2266],,evil-monk,1625059337,abbda499-b075-d62c-af99-38603f14825e,https://www.igdb.com/characters/evil-monk,16448,,
,,1547344897,Young Monk,"[2266, 19297]",,young-monk,1625059337,e5ae239f-5612-ddea-a3c6-54c0433a9771,https://www.igdb.com/characters/young-monk,12748,,
,,1625059336,Teahouse Girl,[2266],,teahouse-girl,1625059336,16f5611d-986a-c1be-c00e-f9162c408871,https://www.igdb.com/characters/teahouse-girl,16447,,
,,1625059336,Oiran Ghost,[2266],,oiran-ghost,1625059336,ea71905b-60dc-dfcd-f867-57afe77baf42,https://www.igdb.com/characters/oiran-ghost,16446,,
,,1625059336,Chigurui Bishamon,[2266],,chigurui-bishamon,1625059336,ce783d69-9773-9566-5c03-1898b1cb4ace,https://www.igdb.com/characters/chigurui-bishamon,16445,,
,,1408833410,Old Woman,"[895, 2266, 37016]",,old-woman,1625059336,255c8af3-21b9-cce0-c21e-22f75da552cd,https://www.igdb.com/characters/old-woman,799,,
,,1625059335,Tsuchigumo,[2266],,tsuchigumo,1625059335,1604584b-64ca-9d30-ad54-17a4153ab5da,https://www.igdb.com/characters/tsuchigumo,16444,,
,,1625059335,Kurozaru,[2266],,kurozaru,1625059335,9bad8597-d31a-6288-6e61-3f0690dac06c,https://www.igdb.com/characters/kurozaru,16443,,
,,1625059335,Dragon God,[2266],,dragon-god,1625059335,63782f88-3d12-12dc-d82d-96c6c1396304,https://www.igdb.com/characters/dragon-god,16442,,
,,1625059335,Ippondatara,[2266],,ippondatara,1625059335,257840cc-e0b6-9958-3d64-e7dfb641151d,https://www.igdb.com/characters/ippondatara,16441,,
,,1625059334,Seitaka Doji,[2266],,seitaka-doji,1625059334,3a20a351-a8a0-9791-4c05-730ac2e47175,https://www.igdb.com/characters/seitaka-doji,16440,,
,,1625059334,Sayo,[2266],,sayo,1625059334,e34f4fce-0fda-6e3d-7705-7b34f478e150,https://www.igdb.com/characters/sayo,16439,,
,,1462581533,Raijin,"[1221, 2266]",,raijin,1625059334,2bb6aa29-0881-46a9-f268-48673f3d3c26,https://www.igdb.com/characters/raijin,8032,,
,,1431265889,Fujin,"[1221, 2266, 7292]",,fujin,1625059334,3c03186f-ff38-bb74-71a4-937d0a5c1994,https://www.igdb.com/characters/fujin,4350,,
,,1625059333,Echigoya,[2266],,echigoya,1625059333,d93cc022-1c56-092d-30da-c2d9f05214d5,https://www.igdb.com/characters/echigoya,16438,,
,,1625059333,Shikami Danjyo,[2266],,shikami-danjyo,1625059333,79ca292f-fa63-ba28-a579-600d83b3f427,https://www.igdb.com/characters/shikami-danjyo,16437,,
,,1625059333,Kongara Doji,[2266],,kongara-doji,1625059333,5375b936-4837-a5c6-4243-36e643f27f8a,https://www.igdb.com/characters/kongara-doji,16436,,
,,1625059333,Yasohachi,[2266],,yasohachi,1625059333,60e046d6-472b-07f6-b651-368214ece68b,https://www.igdb.com/characters/yasohachi,16435,,
,,1625059333,Kumagoro,[2266],,kumagoro,1625059333,7a7d4c7a-02de-c680-e2e1-0a2bd182f9b5,https://www.igdb.com/characters/kumagoro,16434,,
,,1625059332,Rankai,[2266],,rankai,1625059332,47b2c86c-a57d-f0b3-eee0-0aa6926ef70f,https://www.igdb.com/characters/rankai,16433,,
,,1625059332,Honen,[2266],,honen,1625059332,dd4c0dc6-2dcc-ae96-f3c6-ea3c4cde9ca2,https://www.igdb.com/characters/honen,16432,,
,,1625059332,Amitabha,[2266],,amitabha,1625059332,2dc0951b-d8bf-a8f2-6a24-d7fed6732635,https://www.igdb.com/characters/amitabha,16431,,
,,1625059332,Ghost of Oboroya Senjyu,[2266],,ghost-of-oboroya-senjyu,1625059332,a8cc544b-381a-14b2-61b0-d60b2c36e91a,https://www.igdb.com/characters/ghost-of-oboroya-senjyu,16430,,
,,1625059331,Wanyudo,[2266],,wanyudo,1625059331,131fb2fa-f163-815c-11c5-6dd8d6e0926f,https://www.igdb.com/characters/wanyudo,16429,,
,,1625059331,Storyteller,[2266],,storyteller,1625059331,ef077599-f3d6-b804-661c-b930a6b6c564,https://www.igdb.com/characters/storyteller,16428,,
,,1625059331,Kongiku,[2266],,kongiku,1625059331,6b9d8990-f908-bd5d-0a34-f238e1110463,https://www.igdb.com/characters/kongiku,16427,,
,,1625059331,Yuzuruha,[2266],,yuzuruha,1625059331,c02fa585-7e7f-b16f-159b-4bc0ac2bf6d8,https://www.igdb.com/characters/yuzuruha,16426,,
,,1625059330,Torahime,[2266],,torahime,1625059330,3c60bc76-4e42-dcf3-0416-d2a6c15f6c42,https://www.igdb.com/characters/torahime,16425,,
,,1625059330,Yukinotyo,[2266],,yukinotyo,1625059330,8e8f3a6f-b3c1-d9b0-68b1-2d114f8d117b,https://www.igdb.com/characters/yukinotyo,16424,,
,,1625059330,Izuna Tinkuro,[2266],,izuna-tinkuro,1625059330,43a9782e-fd9a-42a2-f5c9-c878eb8eb7b1,https://www.igdb.com/characters/izuna-tinkuro,16423,,
,,1625059329,Momohime,[2266],,momohime,1625059329,ece5619b-cdad-e7a3-7a35-0ff9cbdf89df,https://www.igdb.com/characters/momohime,16422,,
,,1625059329,Kisuke,[2266],,kisuke,1625059329,9fb9e98f-4340-3960-6023-8785ba624af4,https://www.igdb.com/characters/kisuke,16421,,
