websites,alternative_name,platform_logo,versions,created_at,name,slug,updated_at,checksum,abbreviation,category,url,platform_family,id,generation,summary
[370],,,[621],1685641825,Meta Quest 3,meta-quest-3,1685641862,661fe450-697a-92fd-7151-2a34ec712a18,,1.0,https://www.igdb.com/platforms/meta-quest-3,,471,9.0,
,,384.0,[71],1326279244,Virtual Console,vc,1681240385,1d9fa2f3-0e52-813a-1525-6fdfcc4c732c,VC,3.0,https://www.igdb.com/platforms/vc,5.0,47,,
[32],PSVR,161.0,[235],1518705184,PlayStation VR,playstation-vr,1677526312,aa48201c-bd3b-ed2c-f30f-50790d5549b7,PlayStation VR,1.0,https://www.igdb.com/platforms/playstation-vr,1.0,165,8.0,
[342],PSVR2,738.0,[512],1641416080,PlayStation VR2,psvr2,1677524402,ef134f0b-0b45-bc3e-0ab5-15b4a26d46ba,PSVR2,1.0,https://www.igdb.com/platforms/psvr2,1.0,390,9.0,
"[284, 341]",Quest 2,,"[507, 593]",1632258796,Meta Quest 2,meta-quest-2,1675765358,3f2e126f-456d-71d8-ac05-ec1a0676aafd,Meta Quest 2,1.0,https://www.igdb.com/platforms/meta-quest-2,,386,,
,Sega Genesis,293.0,[64],1300959838,Sega Mega Drive/Genesis,genesis-slash-megadrive,1670168290,f5cda40e-2331-62ed-851c-8133d7743957,Genesis/MegaDrive,1.0,https://www.igdb.com/platforms/genesis-slash-megadrive,3.0,29,4.0,
[340],,,[591],1666808653,PocketStation,pocketstation,1666808660,3a2dde48-46e5-5856-5d38-612d95a4d2e5,,5.0,https://www.igdb.com/platforms/pocketstation,1.0,441,5.0,
[339],VMU / VMS,728.0,[590],1666800981,Visual Memory Unit / Visual Memory System,visual-memory-unit-slash-visual-memory-system,1666802311,76344cf9-0604-8d4d-7171-121dde0e6f4b,,5.0,https://www.igdb.com/platforms/visual-memory-unit-slash-visual-memory-system,3.0,440,6.0,
,Magnavox Odyssey²,112.0,[183],1477304835,Odyssey 2 / Videopac G7000,odyssey-2-slash-videopac-g7000,1664890233,2f5934ae-8aa4-e849-64c9-932a59d9c30d,,6.0,https://www.igdb.com/platforms/odyssey-2-slash-videopac-g7000,,133,,
[338],V.SMILE TV LEARNING SYSTEM,,[589],1663688323,V.Smile,vsmile,1663688329,2a426d76-7d50-e3af-3d83-0deb2677bb9a,,1.0,https://www.igdb.com/platforms/vsmile,,439,6.0,
[337],,,[588],1663685343,Arduboy,arduboy,1663685354,54e5a3b8-49fa-e0b3-c5e7-b7dce5ef22ba,,5.0,https://www.igdb.com/platforms/arduboy,,438,8.0,
,,,"[19, 109, 110, 111, 112, 113, 522]",1297880654,Amiga,amiga,1660327462,1c4178c0-d6dc-1802-2554-080bbd8b4a1f,Amiga,6.0,https://www.igdb.com/platforms/amiga,,16,,
[311],Leapster Learning Game System,689.0,[552],1660246910,Leapster,leapster,1660327194,2a4b5882-ce1b-2ba6-f4c2-0f3e55fda0b9,,5.0,https://www.igdb.com/platforms/leapster,,412,6.0,
[313],LeapTV VCD,690.0,[554],1660314942,LeapTV,leaptv,1660326997,74a35c87-865a-52ee-29f0-70c03039ff84,,1.0,https://www.igdb.com/platforms/leaptv,,414,8.0,
[310],Jag CD,688.0,[550],1660245561,Atari Jaguar CD,atari-jaguar-cd,1660326828,704539d3-9f54-2d0f-220c-986c484c76b0,,1.0,https://www.igdb.com/platforms/atari-jaguar-cd,,410,5.0,
[314],,691.0,[555],1660319701,Watara/QuickShot Supervision,watara-slash-quickshot-supervision,1660326748,4ed0c0ee-3103-4d53-c0dc-612a391de28d,,5.0,https://www.igdb.com/platforms/watara-slash-quickshot-supervision,,415,4.0,
[307],WG-108,687.0,[548],1660155539,Mega Duck/Cougar Boy,mega-duck-slash-cougar-boy,1660326569,4bd967b3-9dff-84ab-809a-fdf191e5e0f5,,5.0,https://www.igdb.com/platforms/mega-duck-slash-cougar-boy,,408,4.0,
[316],Garnet OS,693.0,[557],1660322541,Palm OS,palm-os,1660326463,7c475b92-12a3-b2a1-e302-dd13f4ebfdc3,,4.0,https://www.igdb.com/platforms/palm-os,,417,,
[306],,686.0,[547],1660147544,HyperScan,hyperscan,1660326205,e9990379-85ca-9401-9f1e-003ee0f0da99,,1.0,https://www.igdb.com/platforms/hyperscan,,407,7.0,
[315],64DD,,[556],1660320790,Nintendo 64DD,nintendo-64dd,1660320798,a6dc277b-22ff-1ce7-cadf-0bf1501c45e6,,1.0,https://www.igdb.com/platforms/nintendo-64dd,5.0,416,5.0,
[312],,,[553],1660313623,Leapster Explorer/LeadPad Explorer,leapster-explorer-slash-leadpad-explorer,1660313634,50379fe8-a410-a261-ec58-5a435232e8a0,,5.0,https://www.igdb.com/platforms/leapster-explorer-slash-leadpad-explorer,,413,7.0,
,Handheld LCD Game,,[551],1660246143,Handheld Electronic LCD,handheld-electronic-lcd,1660246151,7e964db9-bcbe-fb18-30dd-f8f3ac732f33,,5.0,https://www.igdb.com/platforms/handheld-electronic-lcd,,411,,
[309],Tiger Game.com,596.0,[498],1621003540,Game.com,game-dot-com,1660239125,1b39df8e-66aa-c4d3-0662-7b333bb4ccc0,,5.0,https://www.igdb.com/platforms/game-dot-com,,379,5.0,
[308],Sinclair Quantum Leap,665.0,[524],1654164019,Sinclair QL,sinclair-ql,1660235982,37fde3bb-f22c-37b1-99d0-edad7e8f5104,,6.0,https://www.igdb.com/platforms/sinclair-ql,,406,,
,,,[549],1660235221,Legacy Computer,legacy-computer,1660235301,6ee1abcf-6815-e8d5-8f13-657776a5b353,,6.0,https://www.igdb.com/platforms/legacy-computer,,409,,
,"SMS, Mark III",298.0,[63],1372500217,Sega Master System/Mark III,sms,1660234294,e2d10a86-84db-ab93-f138-7c5567581918,SMS,1.0,https://www.igdb.com/platforms/sms,3.0,64,3.0,
,C64/C128/MAX,300.0,[36],1297880639,Commodore C64/128/MAX,c64,1660212364,9a1db5f9-83b3-257e-9ae6-785a4e65d919,C64,6.0,https://www.igdb.com/platforms/c64,,15,,
,NES,229.0,"[53, 175]",1297941636,Nintendo Entertainment System,nes,1660212114,e5286baa-27cd-f24d-bf1a-f37abb776219,NES,1.0,https://www.igdb.com/platforms/nes,5.0,18,3.0,
[209],"SNES, Super Nintendo",535.0,"[68, 95, 97, 139, 177, 391]",1297941647,Super Nintendo Entertainment System,snes,1660212083,8b2b4298-17ca-05a6-8420-26d6fca32a8a,SNES,1.0,https://www.igdb.com/platforms/snes,5.0,19,4.0,
,NGage,258.0,"[49, 118]",1317748649,N-Gage,ngage,1660139366,db057318-c5ee-5996-d1b7-61d3be110d2e,NGage,5.0,https://www.igdb.com/platforms/ngage,,42,6.0,
,PC DOS,38.0,"[56, 540]",1297672223,DOS,dos,1656450592,9aabba9b-eb06-5274-26e1-250114855890,DOS,4.0,https://www.igdb.com/platforms/dos,,13,,
"[290, 305]",Super Boy,627.0,[497],1620794404,Gamate,gamate,1656435661,dda22f38-ceab-8298-81ed-b44169d37d2d,,5.0,https://www.igdb.com/platforms/gamate,,378,4.0,
[304],Pocket PC,,[523],1652748836,Windows Mobile,windows-mobile,1652748843,1659d620-f661-a9fe-dbc3-d870f00caea6,,4.0,https://www.igdb.com/platforms/windows-mobile,,405,,
[293],Legacy Cellphone,,"[46, 514, 515]",1340748377,Legacy Mobile Device,mobile,1646778004,22758258-882b-73bc-b1d0-10fc30bdd5e5,Mobile,5.0,https://www.igdb.com/platforms/mobile,,55,,
[292],GCN,262.0,"[54, 121, 125]",1298032543,Nintendo GameCube,ngc,1644575483,617b5b20-8ace-6046-14ed-7795ab4eb5f5,NGC,1.0,https://www.igdb.com/platforms/ngc,5.0,21,6.0,
,Atari VCS,309.0,[24],1372270420,Atari 2600,atari2600,1641283072,e6f98e43-2357-b938-1d8a-975ee28f9df3,Atari2600,1.0,https://www.igdb.com/platforms/atari2600,,59,2.0,
[291],,,[511],1636659678,AirConsole,airconsole,1636659682,0f4d997d-7d89-dbd3-4254-cdef7ce5a3a2,,3.0,https://www.igdb.com/platforms/airconsole,,389,,
"[205, 289]",,595.0,[423],1590781904,Satellaview,satellaview,1635130695,d8e1d9a0-b32f-1b76-d970-4f0681997f8e,,1.0,https://www.igdb.com/platforms/satellaview,5.0,306,4.0,
,GG,287.0,[62],1303933831,Sega Game Gear,gamegear,1633117184,54cd82ec-c45b-f5d7-baae-97b94344e716,Game Gear,5.0,https://www.igdb.com/platforms/gamegear,3.0,35,4.0,
,NGCD,281.0,[187],1492121152,Neo Geo CD,neo-geo-cd,1633117182,d2e84b49-6a66-6df9-cecf-e85abba7d90e,,1.0,https://www.igdb.com/platforms/neo-geo-cd,,136,4.0,
,3DO,282.0,[18],1326829565,3DO Interactive Multiplayer,3do,1633117171,87213d2d-1406-71e3-dc09-8f2352937191,3DO,1.0,https://www.igdb.com/platforms/3do,,50,5.0,
,NGP,390.0,[157],1441269219,Neo Geo Pocket,neo-geo-pocket,1633117169,c0ff62cb-db50-1c63-765f-b470e0393069,,5.0,https://www.igdb.com/platforms/neo-geo-pocket,,119,5.0,
,WSC,261.0,[161],1441486431,WonderSwan Color,wonderswan-color,1633117158,748af3e0-64cd-acfa-104b-eb1fe5c9ad42,,5.0,https://www.igdb.com/platforms/wonderswan-color,,123,5.0,
,NGPC,269.0,[158],1441269253,Neo Geo Pocket Color,neo-geo-pocket-color,1633117155,34fcdc12-7b48-c959-7814-301a9f0dddeb,,5.0,https://www.igdb.com/platforms/neo-geo-pocket-color,,120,5.0,
,GB,274.0,"[39, 181, 182]",1302342089,Game Boy,gb,1633117153,1561d675-66fa-4a0e-7618-0f496a3f2909,Game Boy,5.0,https://www.igdb.com/platforms/gb,5.0,33,4.0,
,Famicom,277.0,[123],1428863630,Family Computer,famicom,1633117151,3e878454-b3da-ae45-1f81-63837be3a167,famicom,1.0,https://www.igdb.com/platforms/famicom,5.0,99,3.0,
,VB,280.0,[100],1400825179,Virtual Boy,virtualboy,1633117149,bf67e603-dad2-4b4f-60f4-42ba62849a26,virtualboy,1.0,https://www.igdb.com/platforms/virtualboy,5.0,87,5.0,
,"PSX, PSOne, PS",278.0,[57],1297639288,PlayStation,ps,1633117147,b6644b7a-e4ba-7cd8-4a42-3176f9a1c053,PS1,1.0,https://www.igdb.com/platforms/ps,1.0,7,5.0,
"[36, 105, 238]",XSX,561.0,"[284, 489]",1565273347,Xbox Series X|S,series-x,1633117145,01a4b4f9-3f3a-a2f3-a7b8-0c5311e78df9,Series X,1.0,https://www.igdb.com/platforms/series-x,2.0,169,9.0,
[12],XONE,329.0,"[78, 180, 185, 188]",1326545022,Xbox One,xboxone,1633117143,1e7829d1-ecc1-967f-d605-ceec12f53c86,XONE,1.0,https://www.igdb.com/platforms/xboxone,2.0,49,8.0,"Welcome to a new generation of games and entertainment. Where games push the boundaries of realism. And television obeys your every command. Where listening to music while playing a game is a snap. And you can jump from TV to movies to music to a game in an instant. Where your experience is custom tailored to you. And the entertainment you love is all in one place. Welcome to the all-in-one, Xbox One"
,WS,263.0,"[76, 84, 117]",1342290746,WonderSwan,wonderswan,1633117139,f4e5369d-6ddc-59db-c2c8-df1dc4ad2cec,WonderSwan,5.0,https://www.igdb.com/platforms/wonderswan,,57,5.0,
[4],X360,622.0,"[2, 3, 83, 495]",1297639288,Xbox 360,xbox360,1633117136,d61474ac-0b7c-054c-6450-9aa75ad1ad73,X360,1.0,https://www.igdb.com/platforms/xbox360,2.0,12,7.0,"Xbox 360 brings you a total games and entertainment experience. The largest library of games, including titles that get you right into the thick of it with Kinect. Plus, your whole family can watch HD movies, TV shows, live events, music, sports and more—across all your devices. Xbox 360 is the center of your games and entertainment universe."
,NDS,245.0,"[52, 190, 191, 192]",1297941701,Nintendo DS,nds,1633117133,01ea20e3-3e12-2211-5f66-f4b631cbe59c,NDS,5.0,https://www.igdb.com/platforms/nds,5.0,20,7.0,
,TG-16CD/PCECD,291.0,[215],1509010397,Turbografx-16/PC Engine CD,turbografx-16-slash-pc-engine-cd,1633117075,0ebd9409-3139-db67-2b02-317f9f3b6913,,6.0,https://www.igdb.com/platforms/turbografx-16-slash-pc-engine-cd,,150,,
,BBC Micro,294.0,[33],1372500577,BBC Microcomputer System,bbcmicro,1633117072,5bcdf949-de34-ecf5-c67d-b532489be13d,bbcmicro,6.0,https://www.igdb.com/platforms/bbcmicro,,69,,
,"Famicom Disk System, FDS",299.0,[38],1339250964,Family Computer Disk System,fds,1633117070,6518150e-93d8-5bae-b8f4-d68315f0ca7a,fds,1.0,https://www.igdb.com/platforms/fds,5.0,51,3.0,
[213],C16,544.0,[107],1414253528,Commodore 16,c16,1633117068,8899c810-28ef-53c8-b563-0965c7efba3d,C16,6.0,https://www.igdb.com/platforms/c16,,93,,
[206],"Tricotronic, GW, G&W",531.0,[424],1590782312,Game & Watch,game-and-watch,1633117066,dcc3b1ce-4462-1c60-a1c2-566a266b1b04,,5.0,https://www.igdb.com/platforms/game-and-watch,5.0,307,2.0,
[3],PS3,79.0,"[4, 5, 6]",1297639288,PlayStation 3,ps3,1633117060,f6375299-72fe-d71c-6471-665a2de34930,PS3,1.0,https://www.igdb.com/platforms/ps3,1.0,9,7.0,
"[282, 288]",Quest,619.0,[505],1631819038,Oculus Quest,oculus-quest,1632966502,e7bb1adc-a999-e6f2-46da-a7f4d8a2b769,,1.0,https://www.igdb.com/platforms/oculus-quest,,384,,
"[29, 287]",,158.0,[232],1518704500,Oculus VR,oculus-vr,1632966500,5ba43725-2a24-6320-d7d6-c52832aac350,Oculus VR,,https://www.igdb.com/platforms/oculus-vr,,162,,
,Bally Arcade,,[105],1411658604,Bally Astrocade,astrocade,1632441820,21254ade-89bf-58f2-29ce-bfa8711f1dda,astrocade,1.0,https://www.igdb.com/platforms/astrocade,,91,2.0,
[286],Samsung Gear VR,,[509],1632259330,Gear VR,gear-vr,1632408543,0ba81277-4a13-dedc-1153-f9bda42a4334,,1.0,https://www.igdb.com/platforms/gear-vr,,388,,
[283],Rift,,[506],1632256230,Oculus Rift,oculus-rift,1632408536,dc9ddab2-421c-e716-0ebc-71f90c4e2d15,,1.0,https://www.igdb.com/platforms/oculus-rift,,385,,
[285],Go,,[508],1632259181,Oculus Go,oculus-go,1632259185,b5e8d27d-056f-bb8f-ca48-8250c1922e2e,,1.0,https://www.igdb.com/platforms/oculus-go,,387,,
[281],PS5,463.0,[273],1543501750,PlayStation 5,ps5,1628884745,a7786ac6-fedb-da00-8bc5-3d91fbfda93a,PS5,1.0,https://www.igdb.com/platforms/ps5,1.0,167,9.0,
"[37, 280]",Stadia,328.0,[285],1565274018,Google Stadia,stadia,1628547206,a478a95f-9f80-1610-f564-96d2623c1741,Stadia,3.0,https://www.igdb.com/platforms/stadia,,170,,
,GBC,273.0,[41],1300187960,Game Boy Color,gbc,1628498928,ecd1db6f-8e22-bba6-a2d4-6b33cb5c2682,GBC,5.0,https://www.igdb.com/platforms/gbc,5.0,22,5.0,
[279],,,[502],1623689576,Intellivision Amico,intellivision-amico,1623689581,e74f0057-15cc-258b-1139-0f9b4a3f6903,,1.0,https://www.igdb.com/platforms/intellivision-amico,,382,,
[278],,,[501],1623169275,Playdate,playdate,1623169440,37f62ded-b711-b460-8539-0b720d3fc66e,,5.0,https://www.igdb.com/platforms/playdate,,381,9.0,
,Loopy,,[499],1621275846,Casio Loopy,casio-loopy,1621275862,59ef0bf4-264a-25d9-ce53-7f1647ee548c,,1.0,https://www.igdb.com/platforms/casio-loopy,,380,,
[277],TV Game,,[496],1620778281,Plug & Play,plug-and-play,1620957426,d096ad26-9218-7b1f-89e0-d66f85491eb1,,3.0,https://www.igdb.com/platforms/plug-and-play,,377,,
[70],,,"[318, 319]",1572735485,DUPLICATE Stadia,duplicate-stadia,1619110218,41e990fe-f5c8-7597-01c1-7d3d1962a889,,,https://www.igdb.com/platforms/duplicate-stadia,,203,,
[276],DC,270.0,[16],1300188004,Dreamcast,dc,1617960514,b746d5a7-b046-c612-1f83-0bbf8cb96500,DC,1.0,https://www.igdb.com/platforms/dc,3.0,23,6.0,
[275],Revolution,326.0,"[72, 283]",1297639288,Wii,wii,1615884750,d56c975f-909c-1af3-bdf6-e57c03e11bce,Wii,1.0,https://www.igdb.com/platforms/wii,5.0,5,7.0,
[274],,364.0,[166],1457444849,PC Engine SuperGrafx,supergrafx,1614375534,a040b543-0247-80a1-86de-454b8fb44b43,supergrafx,1.0,https://www.igdb.com/platforms/supergrafx,,128,4.0,
[273],YENO Super Cassette Vision,,[494],1613049313,Epoch Super Cassette Vision,epoch-super-cassette-vision,1613052469,c1a5ef98-ad78-9270-d223-f5c4a7c1afd0,,1.0,https://www.igdb.com/platforms/epoch-super-cassette-vision,,376,3.0,
[272],,,[493],1612947243,Epoch Cassette Vision,epoch-cassette-vision,1612947354,bca00aff-ce4d-f044-7685-d4e9df6a902e,,1.0,https://www.igdb.com/platforms/epoch-cassette-vision,,375,2.0,
,,,[492],1607297122,Sharp MZ-2200,sharp-mz-2200,1607330038,318d54ca-5fd2-f9a2-51ac-b410927450b3,,6.0,https://www.igdb.com/platforms/sharp-mz-2200,,374,,
,ZX81,,[491],1607024002,Sinclair ZX81,sinclair-zx81,1607031405,d0da431e-930b-56d8-74fa-c4c6a2e10e07,,6.0,https://www.igdb.com/platforms/sinclair-zx81,,373,,
[271],,,[490],1606521600,OOParts,ooparts,1606521600,f9404506-a3f2-b59b-238c-4707efe0d428,,3.0,https://www.igdb.com/platforms/ooparts,,372,,
,Kids Computer Pico,,[456],1595808000,Sega Pico,sega-pico,1595808000,6e867a5b-a071-fc7b-945b-a0622f64a4bc,,1.0,https://www.igdb.com/platforms/sega-pico,3.0,339,4.0,
[17],n3DS,235.0,[195],1504569600,New Nintendo 3DS,new-nintendo-3ds,1591574400,df7e06e4-3fce-4055-b28c-30703fba98bb,,5.0,https://www.igdb.com/platforms/new-nintendo-3ds,5.0,137,8.0,
[219],,,[354],1573776000,Sol-20,sol-20,1591228800,c608e02f-1a92-d010-b161-4a368220bdfe,,6.0,https://www.igdb.com/platforms/sol-20,,237,,
[215],,,[353],1573776000,Exidy Sorcerer,exidy-sorcerer,1591228800,49bd449a-ff99-0083-8954-5812a35c1c5c,,6.0,https://www.igdb.com/platforms/exidy-sorcerer,,236,,
[20],Fujitsu Micro 7,538.0,[217],1510012800,FM-7,fm-7,1591228800,63b1a9d7-a511-8002-0575-4b57876ddb42,,6.0,https://www.igdb.com/platforms/fm-7,,152,,
[19],Tandy Color Computer,541.0,[216],1510012800,TRS-80 Color Computer,trs-80-color-computer,1591228800,9bd8e911-be9c-a1ad-d8a9-fbf2888cf9ff,,6.0,https://www.igdb.com/platforms/trs-80-color-computer,,151,,
[218],Texas Instruments TI-99/4A,540.0,"[172, 427]",1459296000,Texas Instruments TI-99,ti-99,1591228800,b941f047-24e3-0297-b162-ea548b94b6f9,ti-99,6.0,https://www.igdb.com/platforms/ti-99,,129,,
[217],,542.0,[163],1445126400,PC-8801,pc-8801,1591228800,797fd579-99d7-5f97-3a07-07dcda8cf60e,,6.0,https://www.igdb.com/platforms/pc-8801,,125,,
[214],,388.0,[154],1441238400,Acorn Archimedes,acorn-archimedes,1591228800,1991c292-b1d6-8639-c74f-0b81cccc8845,,6.0,https://www.igdb.com/platforms/acorn-archimedes,,116,,
[212],Programmed Data Processor-1,,[115],1418515200,PDP-1,pdp1,1591228800,f5fdcfb5-aaaa-1af3-98d1-ffb5cb063a18,pdp1,6.0,https://www.igdb.com/platforms/pdp1,,95,,
[216],,543.0,[103],1407542400,Commodore PET,cpet,1591228800,2fa2cd86-55c7-cfa7-9569-e8f0422c8d0b,cpet,6.0,https://www.igdb.com/platforms/cpet,,90,,
[211],Magnavox Odyssey; Odysee; Odisea; Odissea,,"[101, 167, 168, 169, 170, 171]",1407542400,Odyssey,odyssey--1,1591228800,26859452-7553-fa16-0833-3a62209ac679,odyssey,1.0,https://www.igdb.com/platforms/odyssey--1,,88,1.0,
[207],,528.0,[426],1590710400,Evercade,evercade,1591142400,12fbb7c4-acc5-fa90-2a02-6de3810375a7,,5.0,https://www.igdb.com/platforms/evercade,,309,8.0,
[208],,532.0,[425],1590710400,Playdia,playdia,1591142400,3465b908-1432-e94c-dc31-72cb0099f969,,1.0,https://www.igdb.com/platforms/playdia,,308,5.0,
[139],,548.0,[392],1587686400,PC-FX,pc-fx,1591142400,a880243d-9f81-4fcf-fdf7-da0fe028be95,,1.0,https://www.igdb.com/platforms/pc-fx,,274,5.0,
[210],Nintendo Super Disc,529.0,[174],1468454400,Nintendo PlayStation,nintendo-playstation,1591142400,f87b4f47-b252-5243-5b0c-604e45dbb9cf,,1.0,https://www.igdb.com/platforms/nintendo-playstation,5.0,131,4.0,
,,283.0,[152],1441238400,Amiga CD32,amiga-cd32,1589587200,bd4ad4b9-f009-41cf-12e3-a10ce8ef69eb,,1.0,https://www.igdb.com/platforms/amiga-cd32,,114,5.0,
[172],,268.0,[160],1441411200,Nuon,nuon,1588809600,bd7c0b27-2608-a3e7-8e11-23f6deebc71d,,1.0,https://www.igdb.com/platforms/nuon,,122,,
[106],,429.0,[357],1581811200,Zeebo,zeebo,1582156800,d23d6c26-1eb4-4ff6-2e33-93bd082ec6d9,,1.0,https://www.igdb.com/platforms/zeebo,,240,7.0,
[103],,427.0,[356],1575331200,Blu-ray Player,blu-ray-player,1575504000,57f6c9cb-871e-d913-c5e9-9204991a94e7,,1.0,https://www.igdb.com/platforms/blu-ray-player,,239,,
[104],Digital Versatile Disc Player,426.0,[355],1575331200,DVD Player,dvd-player,1575504000,5a8e8d2e-b79e-37a9-7368-e3acbd6407f7,,1.0,https://www.igdb.com/platforms/dvd-player,,238,,
,WP,363.0,"[224, 225, 226, 227]",1384387200,Windows Phone,winphone,1572739200,007cbe18-41ed-e3d5-8292-4e9ad3b684ef,Win Phone,4.0,https://www.igdb.com/platforms/winphone,,74,,
[35],N64,260.0,"[51, 122]",1297555200,Nintendo 64,n64,1565136000,647c6004-3c75-3b8d-8259-79bd3d5e5a28,N64,1.0,https://www.igdb.com/platforms/n64,5.0,4,5.0,
[30],,159.0,[233],1518652800,SteamVR,steam-vr,1561939200,e2c8f5f7-2c50-5d2d-b9b9-1135281d38f4,Steam VR,,https://www.igdb.com/platforms/steam-vr,,163,,
,,246.0,"[228, 229]",1516752000,Nintendo DSi,nintendo-dsi,1559260800,3e006565-8164-029f-abd3-6a9c97a22441,,5.0,https://www.igdb.com/platforms/nintendo-dsi,5.0,159,7.0,
[7],Infocusa3,376.0,"[7, 8, 9, 10, 11, 12, 236, 237, 238, 239, 320]",1302566400,Android,android,1556150400,fe27cf28-ec61-df1a-e378-ae233b2eea73,Android,4.0,https://www.igdb.com/platforms/android,,34,,
,,279.0,[61],1300924800,Sega 32X,sega32,1555977600,d47b5ebe-fc4e-7719-a5d9-ad5eeebc6ede,Sega32,1.0,https://www.igdb.com/platforms/sega32,3.0,30,4.0,
,Internet,381.0,[86],1395273600,Web browser,browser,1553299200,42d5444b-505c-d210-5992-c06b7010651a,browser,3.0,https://www.igdb.com/platforms/browser,,82,,
[34],PS Vita,232.0,"[60, 274, 275]",1321660800,PlayStation Vita,psvita,1552780800,7185535c-37aa-02e0-1764-b81181c990cb,Vita,5.0,https://www.igdb.com/platforms/psvita,1.0,46,8.0,
,PSP,214.0,"[59, 276, 277, 278, 279]",1317600000,PlayStation Portable,psp,1552780800,f2350669-a77c-261f-d54e-d3bf715cd835,PSP,5.0,https://www.igdb.com/platforms/psp,1.0,38,7.0,
[16],NX,534.0,"[173, 282]",1465948800,Nintendo Switch,switch,1550534400,d28b6757-c24a-73c6-50e7-f8e6487c78af,Switch,1.0,https://www.igdb.com/platforms/switch,5.0,130,8.0,
[6],"JVC Saturn, Hi-Saturn, Samsung Saturn, V-Saturn",49.0,[65],1301961600,Sega Saturn,saturn,1540771200,f4fddc54-c402-d538-ac88-e3d711bf3bb2,Saturn,1.0,https://www.igdb.com/platforms/saturn,3.0,32,5.0,
[33],,267.0,[272],1534896000,Pokémon mini,pokemon-mini,1534982400,9ea7c3e7-d03a-b228-b380-5bb17ea9be9f,,5.0,https://www.igdb.com/platforms/pokemon-mini,5.0,166,,
,Neo Geo Multi Video System,70.0,[81],1392076800,Neo Geo MVS,neogeomvs,1525996800,8e1fb3fd-a38a-28cc-f8a4-3404ddec3dec,neogeomvs,2.0,https://www.igdb.com/platforms/neogeomvs,,79,,
[26],Commodore Dynamic Total Vision,292.0,[223],1510012800,Commodore CDTV,commodore-cdtv,1522972800,5d48648e-283c-e2df-df7d-6d3cbc7e0a58,,6.0,https://www.igdb.com/platforms/commodore-cdtv,,158,,
[31],,160.0,[234],1518652800,Daydream,daydream,1518652800,1f46c07d-381d-e92f-1b49-88d04abe2f19,,,https://www.igdb.com/platforms/daydream,,164,,
[28],WMR,,[231],1518652800,Windows Mixed Reality,windows-mixed-reality,1518652800,3315a4c6-f926-c8db-48e5-0cd8381ff229,,,https://www.igdb.com/platforms/windows-mixed-reality,,161,,
[25],,370.0,[222],1510012800,NEC PC-6000 Series,nec-pc-6000-series,1510012800,f781f28a-65e0-c00d-bf2d-3fdb80c54231,,6.0,https://www.igdb.com/platforms/nec-pc-6000-series,,157,,
[24],,537.0,[221],1510012800,Thomson MO5,thomson-mo5,1510012800,5f4cdd4c-4bc0-2a7d-9842-5d1c5350ab4f,,6.0,https://www.igdb.com/platforms/thomson-mo5,,156,,
[23],,368.0,[220],1510012800,Tatung Einstein,tatung-einstein,1510012800,e7061776-b061-c4e7-b04e-cac5d68c38d1,,6.0,https://www.igdb.com/platforms/tatung-einstein,,155,,
[22],,547.0,[219],1510012800,Amstrad PCW,amstrad-pcw,1510012800,af7ef1c3-c78b-1349-e129-0eafe14ba16f,,6.0,https://www.igdb.com/platforms/amstrad-pcw,,154,,
[21],,302.0,[218],1510012800,Dragon 32/64,dragon-32-slash-64,1510012800,d11981c1-fbb1-100c-d63f-92021aa7fb0f,,6.0,https://www.igdb.com/platforms/dragon-32-slash-64,,153,,
,,,[199],1505520000,AY-3-8610,ay-3-8610,1510012800,d0a3d734-27aa-db05-4436-dc38739f7f9a,,6.0,https://www.igdb.com/platforms/ay-3-8610,,141,,
,,128.0,"[198, 201, 202, 203, 204]",1505520000,AY-3-8500,ay-3-8500,1510012800,c28c6efe-d331-48a3-6980-d106f530dd5c,,6.0,https://www.igdb.com/platforms/ay-3-8500,,140,,
,,366.0,[214],1508976000,PC-98,pc-98,1508976000,da17ec85-249b-d4ca-f876-8376319ba319,,6.0,https://www.igdb.com/platforms/pc-98,,149,,
,,316.0,"[165, 212]",1457395200,Fairchild Channel F,fairchild-channel-f,1506384000,cba12692-9a22-154e-879f-1e9ca57e8b4b,,1.0,https://www.igdb.com/platforms/fairchild-channel-f,,127,2.0,
,,,[211],1505779200,AY-3-8607,ay-3-8607,1505779200,b148a659-dc31-1245-8623-321ce9008d75,,1.0,https://www.igdb.com/platforms/ay-3-8607,,148,,
,,,[210],1505779200,AY-3-8606,ay-3-8606,1505779200,49428df3-7b02-316e-2390-95a230795394,,1.0,https://www.igdb.com/platforms/ay-3-8606,,147,,
,,,[209],1505779200,AY-3-8605,ay-3-8605,1505779200,3c9b3a84-dc54-3c94-0ee0-5cb97809d2a5,,1.0,https://www.igdb.com/platforms/ay-3-8605,,146,,
,,,[208],1505779200,AY-3-8603,ay-3-8603,1505779200,0124f86d-b875-8d9e-8c78-95c7fc47de08,,1.0,https://www.igdb.com/platforms/ay-3-8603,,145,,
,,,[207],1505779200,AY-3-8710,ay-3-8710,1505779200,5438ffcf-1f05-47e9-e082-15bafd1dc92f,,1.0,https://www.igdb.com/platforms/ay-3-8710,,144,,
,,,[206],1505779200,AY-3-8760,ay-3-8760,1505779200,69436aa6-6d7d-bb63-d775-444b6893301b,,1.0,https://www.igdb.com/platforms/ay-3-8760,,143,,
,,132.0,"[200, 205]",1505520000,PC-50X Family,pc-50x-family,1505520000,ea364197-612c-e075-99f9-b95970ed4c58,,1.0,https://www.igdb.com/platforms/pc-50x-family,,142,1.0,
,,136.0,"[197, 213]",1505174400,1292 Advanced Programmable Video System,1292-advanced-programmable-video-system,1505174400,8433ae84-dbc7-122b-ec12-f1858bad1c5f,,1.0,https://www.igdb.com/platforms/1292-advanced-programmable-video-system,,139,2.0,
[18],,134.0,[196],1505174400,VC 4000,vc-4000,1505174400,cf5360d1-3a2e-8ee0-08bc-826a27bfe060,,1.0,https://www.igdb.com/platforms/vc-4000,,138,2.0,
,,117.0,[186],1492041600,Hyper Neo Geo 64,hyper-neo-geo-64,1492041600,fedca8ca-3a51-84db-1d6a-36a2536d3fe0,,2.0,https://www.igdb.com/platforms/hyper-neo-geo-64,,135,,
[10],,239.0,[73],1317686400,Wii U,wiiu,1489968000,13712d1c-3c5d-44d8-2d54-b2adc47f5416,WiiU,1.0,https://www.igdb.com/platforms/wiiu,5.0,41,8.0,
,,301.0,[184],1479427200,Acorn Electron,acorn-electron,1479427200,ec7fd022-fcf9-8bf8-a73b-09080d9d3515,,6.0,https://www.igdb.com/platforms/acorn-electron,,134,,
[9],3DS,240.0,[50],1317600000,Nintendo 3DS,3ds,1473984000,acee0d28-d3b8-b891-fc1c-768782c775a4,3DS,5.0,https://www.igdb.com/platforms/3ds,5.0,37,8.0,
,GBA,255.0,"[40, 193, 194]",1300147200,Game Boy Advance,gba,1471478400,2741e85f-e65d-4668-6cdb-36fca54e5dd4,GBA,5.0,https://www.igdb.com/platforms/gba,5.0,24,6.0,
[2],mswin,203.0,"[1, 13, 14, 15, 124]",1297555200,PC (Microsoft Windows),win,1470009600,5aae54d0-390e-a4ec-a9ee-4ad4cc346992,PC,4.0,https://www.igdb.com/platforms/win,,6,,
,,325.0,[176],1469664000,Amazon Fire TV,amazon-fire-tv,1469664000,db7a1f28-dc0d-68b1-c31e-94f43b9643b1,,3.0,https://www.igdb.com/platforms/amazon-fire-tv,,132,,
,,,[93],1399680000,Donner Model 30,donner30,1468540800,c11154b6-9734-c8fa-a9d3-9b56ffb1e4d9,donner30,6.0,https://www.igdb.com/platforms/donner30,,85,,
,,373.0,"[27, 104]",1372464000,Atari 8-bit,atari8bit,1468540800,37adef88-b15f-3963-a417-687e5e0a6260,Atari8bit,6.0,https://www.igdb.com/platforms/atari8bit,,65,,
,,308.0,[48],1340064000,MSX2,msx2,1468540800,d6f6cc07-f15c-1fab-6372-734d874684c8,MSX2,6.0,https://www.igdb.com/platforms/msx2,,53,,
,,307.0,[47],1300147200,MSX,msx,1468540800,7954204a-0502-4940-48c1-d525148f76fd,MSX,6.0,https://www.igdb.com/platforms/msx,,27,,
,,371.0,[79],1300147200,ZX Spectrum,zxs,1468540800,f73944f5-3aee-6709-e02f-ed9b896a85cc,ZXS,6.0,https://www.igdb.com/platforms/zxs,,26,,
,Programmed Logic for Automatic Teaching Operations,375.0,[136],1438473600,PLATO,plato--1,1468454400,46476609-7e40-6759-25f6-daecc85fb708,plato,6.0,https://www.igdb.com/platforms/plato--1,,110,,
,,310.0,[108],1414195200,Commodore Plus/4,c-plus-4,1468454400,ea138789-6bbe-bcca-dff5-7e20e762f65a,C+4,6.0,https://www.igdb.com/platforms/c-plus-4,,94,,
,,297.0,[66],1390867200,Sharp X1,x1,1468454400,c3265f1f-9c3e-fc18-b8e9-cf288b499e95,x1,6.0,https://www.igdb.com/platforms/x1,,77,,
,apple ][,315.0,[21],1387756800,Apple II,appleii,1468454400,c54c78dd-0a6b-0c3e-9948-931ac9dd0845,Apple][,6.0,https://www.igdb.com/platforms/appleii,,75,,"The Apple II is an 8-bit home computer, one of the first highly successful mass-produced microcomputer products, designed primarily by Steve Wozniak, manufactured by Apple Computer (now Apple Inc.) and introduced in 1977. It is the first model in a series of computers which were produced until Apple IIe production ceased in November 1993."
,,367.0,[30],1372291200,Atari ST/STE,atari-st,1468454400,34e7481c-c27b-bef7-d2cf-f2e48ffcb5d7,Atari-ST,6.0,https://www.igdb.com/platforms/atari-st,,63,,
,Colour Personal Computer,114.0,[20],1300147200,Amstrad CPC,acpc,1468454400,98553ead-7abe-3404-745d-cf7c17010f01,ACPC,6.0,https://www.igdb.com/platforms/acpc,,25,,
,,372.0,[164],1449705600,TRS-80,trs-80,1449705600,fb10fc8e-0aeb-b55f-43a1-01b02aab3981,,6.0,https://www.igdb.com/platforms/trs-80,,126,,
,,319.0,[162],1441411200,SwanCrystal,swancrystal,1441411200,9d836c39-3419-65f8-02ff-9fe73e6b6716,,5.0,https://www.igdb.com/platforms/swancrystal,,124,,
,,306.0,[159],1441238400,Sharp X68000,sharp-x68000,1441238400,3a2f2fc9-7b6c-39f1-1a45-cca745eb8c09,,6.0,https://www.igdb.com/platforms/sharp-x68000,,121,,
,,365.0,[156],1441238400,FM Towns,fm-towns,1441238400,d52c2758-3294-d5e8-960c-e3efffbd99d1,,6.0,https://www.igdb.com/platforms/fm-towns,,118,,
,,288.0,[155],1441238400,Philips CD-i,philips-cd-i,1441238400,bca1c0c7-303a-5342-2e3c-2c121b40b24a,,1.0,https://www.igdb.com/platforms/philips-cd-i,,117,,
,,295.0,[153],1441238400,Apple IIGS,apple-iigs,1441238400,0b68ee2c-4b62-f6a4-8e27-8c1b55047bbe,,6.0,https://www.igdb.com/platforms/apple-iigs,,115,,
,,296.0,[99],1400803200,TurboGrafx-16/PC Engine,turbografx16--1,1441152000,a865ae03-6878-7704-642b-b2fa9e99389b,turbografx16,1.0,https://www.igdb.com/platforms/turbografx16--1,,86,4.0,
[15],,383.0,[140],1439337600,OnLive Game System,onlive-game-system,1439683200,1fc33df6-3737-8f0c-416b-fa128bd6e8b3,,3.0,https://www.igdb.com/platforms/onlive-game-system,,113,,
[13],,236.0,[55],1373328000,Ouya,ouya,1438905600,ec1994ca-3247-830f-8452-b664a411ade3,Ouya,1.0,https://www.igdb.com/platforms/ouya,,72,8.0,"The Ouya (/ˈuːjə/ oo-yə), stylized OUYA, is a microconsole running its own version of the Android operating system, developed by Ouya Inc. Julie Uhrman founded the project in 2012. She brought in designer Yves Béhar to collaborate on the design of the project, and Muffi Ghadiali as product manager to put together the engineering team. Development was funded via Kickstarter, raising $8.5 million and becoming the website's second-highest-earning project in its history.

Units started to ship to Kickstarter backers on March 28, 2013. The console was released to the general public on June 25, 2013, and features an exclusive Ouya store for applications and games designed specifically for the Ouya platform, of which the majority are casual games targeted at or used by a mass audience of casual gamers. Out of the box, Ouya supports media apps such as TwitchTV and XBMC media player. It runs a modified version of Android 4.1 Jelly Bean, and is open to rooting without voiding the warranty (developer models ordered during the Kickstarter campaign for $699 or $1,337 come pre-rooted). The console's hardware design allows it to be easily opened up, requiring only a standard screwdriver for easy modding and possible hardware addons.

All systems can be used as development kits, allowing any Ouya owner to also be a developer, without the need for licensing fees. All games are required to have some kind of free-to-play aspect, whether that be completely free, has a free trial, or has purchasable upgrades, levels, or other in-game items. The Ouya is classified as part of the eighth generation of video game consoles and as such is a rival competing against the PlayStation 4, Xbox One, and Wii U."
,,,[138],1438732800,Microcomputer,microcomputer--1,1438732800,49f7f77d-42a9-0cae-368f-6f9475275e1f,microcomputer,,https://www.igdb.com/platforms/microcomputer--1,,112,,
,,,[137],1438473600,Imlac PDS-1,imlac-pds1,1438473600,f6058e7f-0a66-beda-fe89-0c4f46a7864b,imlac-pds1,,https://www.igdb.com/platforms/imlac-pds1,,111,,
,,374.0,[135],1438041600,CDC Cyber 70,cdccyber70,1438041600,30a78a03-7d24-5580-2167-22682ab2208c,cdccyber70,6.0,https://www.igdb.com/platforms/cdccyber70,,109,,
,,,[134],1438041600,PDP-11,pdp11,1438041600,ad20351c-ef97-5b68-3166-ebe599a36a0a,pdp11,6.0,https://www.igdb.com/platforms/pdp11,,108,,
,,,[133],1437955200,Call-A-Computer time-shared mainframe computer system,call-a-computer,1437955200,47311af8-783b-05f5-0d26-0848d099a399,call-a-computer,6.0,https://www.igdb.com/platforms/call-a-computer,,107,,
,,,[132],1437955200,SDS Sigma 7,sdssigma7,1437955200,2b8bbf36-b6ff-0242-80f4-7d1c6a0423e0,sdssigma7,6.0,https://www.igdb.com/platforms/sdssigma7,,106,,
,,369.0,[131],1437955200,HP 3000,hp3000,1437955200,d4ac96e8-e4ba-b0dc-22ac-22b73d19ba83,hp3000,6.0,https://www.igdb.com/platforms/hp3000,,105,,
,,,[130],1437955200,HP 2100,hp2100,1437955200,17f8a2f3-c014-058a-2827-375e11bcb851,hp2100,6.0,https://www.igdb.com/platforms/hp2100,,104,,
,,,[129],1437868800,PDP-7,pdp-7--1,1437868800,e828d5a4-68ad-b75c-dc50-f8ea7df31036,pdp-7,,https://www.igdb.com/platforms/pdp-7--1,,103,,
,Electronic Delay Storage Automatic Calculator,389.0,[128],1437868800,EDSAC,edsac--1,1437868800,60d0cce1-2d5c-720a-da36-96be6f562d2d,edsac,6.0,https://www.igdb.com/platforms/edsac--1,,102,,
,,386.0,[127],1437868800,Ferranti Nimrod Computer,nimrod,1437868800,9210f8a2-3f26-bea5-592a-dc573e2e8731,nimrod,6.0,https://www.igdb.com/platforms/nimrod,,101,,
,,,[126],1437868800,Analogue electronics,analogueelectronics,1437868800,01951a13-ac9d-9f80-2b02-f9a818d83326,analogueelectronics,,https://www.igdb.com/platforms/analogueelectronics,,100,,
[11],PS4,231.0,"[17, 178, 179]",1326499200,PlayStation 4,ps4--1,1433116800,1dfa9b83-5f1d-56ce-01a1-06fcdfbb5bc0,PS4,1.0,https://www.igdb.com/platforms/ps4--1,1.0,48,8.0,"The PlayStation 4 system opens the door to an incredible journey through immersive new gaming worlds and a deeply connected gaming community. PS4 puts gamers first with an astounding launch line-up and over 180 games in development. Play amazing top-tier blockbusters and innovative indie hits on PS4. Developer inspired, gamer focused."
,,313.0,[37],1372464000,Commodore VIC-20,vic-20,1429142400,3e43a9f4-b55b-69e8-7222-64487c29bd47,vic-20,6.0,https://www.igdb.com/platforms/vic-20,,71,,
,,,[120],1424390400,DEC GT40,gt40,1424390400,479fe519-86c9-0bd1-0c72-311b125e7886,gt40,,https://www.igdb.com/platforms/gt40,,98,,
,,,[119],1424390400,PDP-8,pdp-8--1,1424390400,eab6eb03-90f9-c8ea-fb65-a98533fb31b6,pdp-8,6.0,https://www.igdb.com/platforms/pdp-8--1,,97,,
,,,[116],1418515200,PDP-10,pdp10,1418515200,aadf131a-55fe-8481-d377-8c6eefe18415,pdp10,6.0,https://www.igdb.com/platforms/pdp10,,96,,
,Atari 5200 SuperSystem,304.0,[25],1372464000,Atari 5200,atari5200,1416700800,b5e86dec-98fe-d680-de33-8fef3dae5435,Atari5200,1.0,https://www.igdb.com/platforms/atari5200,,66,2.0,the mother text
,PS2,254.0,"[58, 114]",1297555200,PlayStation 2,ps2,1414972800,be3e025c-d4ed-b795-443c-a8cb55fbfe17,PS2,1.0,https://www.igdb.com/platforms/ps2,1.0,8,6.0,
,,314.0,[102],1407542400,Microvision,microvision--1,1407542400,0d3ccf60-cdd5-5609-4f6b-fc6522e86a18,microvision,5.0,https://www.igdb.com/platforms/microvision--1,,89,2.0,
,SFC,271.0,"[67, 98]",1351209600,Super Famicom,sfam,1399766400,98c18388-67d3-e46a-77bc-49287d3da1e9,SFAM,1.0,https://www.igdb.com/platforms/sfam,5.0,58,4.0,
,AES,69.0,[82],1392076800,Neo Geo AES,neogeoaes,1399680000,496c2bad-bcc8-ebda-a3c9-2756cffd7f1d,neogeoaes,1.0,https://www.igdb.com/platforms/neogeoaes,,80,4.0,
,Sega Game 1000,223.0,"[91, 92]",1397433600,SG-1000,sg1000,1397865600,74499c7d-f3b4-21f3-3d3e-5a3c836bb45d,sg1000,1.0,https://www.igdb.com/platforms/sg1000,3.0,84,3.0,
[5],Mac OS,100.0,"[45, 141, 142, 143, 144, 145, 146, 147, 148, 149, 150, 151]",1297641600,Mac,mac,1394236800,19c9dcae-80a2-e137-50ff-11b823738827,Mac,4.0,https://www.igdb.com/platforms/mac,,14,,
[1],GNU/Linux,380.0,[44],1297555200,Linux,linux,1392940800,b810fb9c-65f7-b297-3658-da9c4d52bf11,Linux,4.0,https://www.igdb.com/platforms/linux,4.0,3,,"Linux is a free and open-source (FOSS/FLOSS) Operating System. In a more precise and complex definition, Linux is an open-source OS kernel on which a large variety of Operating Systems (known as Linux distributions) are built."
,,40.0,[34],1384387200,BlackBerry OS,blackberry,1392076800,6fdda0e4-4884-2e33-fd1a-de3521c9b804,blackberry,4.0,https://www.igdb.com/platforms/blackberry,,73,,
,,305.0,[70],1372464000,Vectrex,vectrex,1392076800,5140484a-7fd8-2a13-2542-a9207d7c9fd4,vectrex,1.0,https://www.igdb.com/platforms/vectrex,,70,2.0,
,,311.0,[35],1372464000,ColecoVision,colecovision,1392076800,85231b96-19bb-f7cb-608b-736c5120b70f,colecovision,1.0,https://www.igdb.com/platforms/colecovision,,68,2.0,
,,312.0,[42],1372464000,Intellivision,intellivision,1392076800,84a4defd-0a29-ca54-0a07-67b61a4ddc98,intellivision,1.0,https://www.igdb.com/platforms/intellivision,,67,2.0,
,,286.0,[28],1372204800,Atari Jaguar,jaguar,1392076800,70557c0a-1cac-d093-d287-67d8e5a201b0,Jaguar,1.0,https://www.igdb.com/platforms/jaguar,,62,5.0,
,,290.0,"[29, 189]",1372204800,Atari Lynx,lynx,1392076800,28a85ec7-a1de-6e5b-9373-e0bbd3bafa13,Lynx,5.0,https://www.igdb.com/platforms/lynx,,61,4.0,
,Atari 7800 ProSystem,303.0,[26],1372204800,Atari 7800,atari7800,1392076800,75e3ee56-5254-ea30-b5be-131e33ff2004,Atari7800,1.0,https://www.igdb.com/platforms/atari7800,,60,3.0,
,,46.0,[69],1317686400,Tapwave Zodiac,zod,1392076800,7916e6bf-353a-6f27-a8de-a429204d17d9,zod,5.0,https://www.igdb.com/platforms/zod,,44,,
,,266.0,[77],1297555200,Xbox,xbox,1392076800,226780a3-83ed-dcf9-6757-77091acc172d,XBOX,1.0,https://www.igdb.com/platforms/xbox,2.0,11,6.0,
,Mega CD,284.0,[80],1391904000,Sega CD,segacd,1391904000,68c11f76-6ea3-f708-1c6e-f5a390d37c54,segacd,1.0,https://www.igdb.com/platforms/segacd,3.0,78,4.0,
,,,[22],1339977600,Arcade,arcade,1391817600,60b83ee0-5185-3f09-c6ea-f773857bd11b,Arcade,,https://www.igdb.com/platforms/arcade,,52,,
,,248.0,[43],1317686400,iOS,ios,1391644800,fefe4a2b-7c90-0e89-e811-902ea1cf2b58,iOS,4.0,https://www.igdb.com/platforms/ios,,39,,
